46520,Last year reviews,Host since,Host is superhost,Host number of listings,Neighbourhood,Beds number,Bedrooms number,Property type,Maximum allowed guests,Price,Total reviews,Rating score,Accuracy score,Cleanliness score,Checkin score,Communication score,Location score,Value for money score,Reviews per month,City,Season,Bathrooms number,Bathrooms type,Coordinates,Date of scraping
31840,6,2011-02-07,Host,44,Centro Storico,1,1,Private room,2,89,128,4.65,4.73,4.86,4.85,4.91,4.91,4.7,0.78,Firenze,Early Winter,1,private,"43.77709, 11.25216",2024-12-15
222527,0,2011-07-11,Superhost,3,Rifredi,3,2,Entire home,4,300,284,4.85,4.88,4.88,4.99,4.96,4.6,4.86,1.92,Firenze,Early Winter,1,private,"43.82005, 11.22004",2024-12-15
32120,6,2010-03-26,Host,1,Gavinana Galluzzo,1,1,Entire home,2,95,26,4.88,4.88,4.88,4.84,4.96,4.63,4.63,0.16,Firenze,Summer,1,private,"43.76157, 11.27741",2024-12-15
224562,9,2011-09-16,Host,2,Centro Storico,1,1,Entire home,4,60,101,4.66,4.75,4.71,4.76,4.83,4.93,4.64,0.71,Firenze,Early Winter,1,private,"43.772, 11.26142",2024-12-15
32180,11,2014-04-05,Superhost,1,Centro Storico,4,,Entire home,4,105,34,4.76,4.81,4.84,4.81,4.71,4.81,4.84,0.21,Firenze,Early Winter,2,private,"43.76832, 11.24348",2024-12-15
224669,17,2011-09-16,Superhost,3,Campo di Marte,2,1,Entire home,4,86,57,5,5,5,4.98,4.98,4.96,4.98,0.86,Firenze,Early Winter,1,private,"43.76796, 11.2714",2024-12-15
32395,80,2010-06-07,Host,6,Centro Storico,1,1,Hotel room,2,63,682,4.84,4.83,4.85,4.9,4.92,4.75,4.83,4.19,Firenze,Early Winter,1,private,"43.76268, 11.24149",2024-12-15
227059,67,2011-09-20,Superhost,2,Centro Storico,1,1,Private room,2,35,461,4.77,4.8,4.76,4.89,4.86,4.98,4.8,3.45,Firenze,Early Winter,2,shared,"43.77022, 11.2561",2024-12-15
39115,13,2010-07-15,Host,12,Centro Storico,2,1,Private room,2,83,76,4.55,4.7,4.63,4.83,4.76,4.91,4.56,0.47,Firenze,Early Winter,0,private,"43.77525, 11.25258",2024-12-15
230853,53,2011-09-25,Superhost,1,Campo di Marte,2,1,Private room,2,61,549,4.85,4.88,4.89,4.93,4.9,4.58,4.83,3.91,Firenze,Early Winter,1,private,"43.77388, 11.2844",2024-12-15
39165,6,2010-07-15,Host,12,Centro Storico,2,1,Private room,2,95,20,4.28,4.17,4.56,4.67,4.61,4.94,4.33,0.13,Firenze,Early Winter,1,private,"43.77525, 11.25258",2024-12-15
39822,1,2010-06-29,Host,5,Centro Storico,2,1,Entire home,4,121,29,4.43,4.38,4.42,4.69,4.69,4.85,4.42,0.18,Firenze,Early Winter,1,private,"43.76742, 11.24378",2024-12-15
238351,14,2011-07-25,Superhost,6,Centro Storico,1,1,Entire home,2,117,63,4.81,4.84,4.87,4.92,4.98,4.87,4.84,0.44,Firenze,Early Winter,1,private,"43.76914, 11.24193",2024-12-15
43369,1,2012-11-15,Host,160,Centro Storico,1,1,Entire home,2,160,8,4.75,4.75,4.5,5,4.88,4.88,4.5,0.07,Firenze,Early Winter,1,private,"43.76944, 11.26331",2024-12-15
44781,32,2009-08-22,Superhost,3,Centro Storico,1,1,Entire home,2,159,386,4.85,4.87,4.85,4.92,4.91,4.9,4.83,2.41,Firenze,Early Winter,1,private,"43.76418, 11.24618",2024-12-15
45606,22,2010-08-16,Host,4,Isolotto Legnaia,4,2,Entire home,4,82,439,4.75,4.86,4.76,4.91,4.89,4.58,4.75,2.89,Firenze,Summer,1,private,"43.7728, 11.23746",2024-12-15
240985,63,2011-06-09,Superhost,2,Centro Storico,1,,Private room,1,,457,4.84,4.89,4.93,4.93,4.93,4.91,4.8,3.08,Firenze,Early Winter,1,private,"43.77701, 11.25421",2024-12-15
248623,11,2011-10-17,Host,1,Centro Storico,2,1,Entire home,4,120,91,4.57,4.76,4.69,4.68,4.78,4.92,4.69,0.64,Firenze,Early Winter,1,private,"43.7723, 11.2616",2024-12-15
46520,7,2011-02-07,Host,44,Centro Storico,2,1,Private room,3,90,102,4.71,4.82,4.86,4.96,4.93,4.87,4.77,0.63,Firenze,Early Winter,1,private,"43.77699, 11.25216",2024-12-15
46523,17,2011-02-07,Host,44,Centro Storico,1,1,Private room,1,68,258,4.65,4.82,4.89,4.86,4.85,4.81,4.67,1.61,Firenze,Early Winter,1,private,"43.77704, 11.25217",2024-12-15
46524,21,2011-02-07,Host,44,Centro Storico,2,1,Private room,3,93,108,4.71,4.79,4.83,4.89,4.85,4.88,4.72,0.7,Firenze,Early Winter,1,private,"43.777, 11.25216",2024-12-15
47498,11,2010-08-28,Superhost,4,Centro Storico,1,1,Private room,3,65,521,4.57,4.62,4.62,4.88,4.88,4.94,4.59,3.24,Firenze,Early Winter,2,shared,"43.77386, 11.25028",2024-12-15
249512,1,2011-09-29,Host,2,Campo di Marte,6,3,Entire home,10,6399,4,5,5,5,5,5,4.75,5,0.05,Firenze,Early Winter,4,private,"43.76736, 11.27223",2024-12-15
48372,12,2010-07-15,Host,12,Centro Storico,1,1,Private room,1,68,22,4.52,4.61,4.74,4.74,4.83,4.96,4.57,0.15,Firenze,Early Winter,0,private,"43.77525, 11.25258",2024-12-15
52543,16,2010-08-16,Host,4,Isolotto Legnaia,3,2,Entire home,5,90,214,4.74,4.85,4.72,4.89,4.85,4.65,4.71,1.39,Firenze,Early Winter,2,private,"43.77175, 11.2364",2024-12-15
46520,4,2010-08-16,Host,4,Isolotto Legnaia,2,1,Entire home,4,66,209,4.76,4.9,4.81,4.91,4.89,4.72,4.8,1.41,Firenze,Early Winter,1,private,"43.77164, 11.23819",2024-12-15
57542,14,2010-10-29,Superhost,28,Centro Storico,1,1,Entire home,4,120,130,4.49,4.63,4.68,4.56,4.72,4.72,4.48,0.83,Firenze,Early Winter,1,private,"43.77236, 11.24787",2024-12-15
250470,17,2011-10-19,Superhost,1,Centro Storico,2,1,Entire home,4,120,149,4.9,4.91,4.95,4.95,4.95,4.66,4.84,1.06,Firenze,Early Winter,1,private,"43.78118, 11.23266",2024-12-15
57644,13,2010-10-30,Superhost,9,Centro Storico,3,2,Entire home,4,106,102,4.82,4.9,4.84,4.93,4.85,4.96,4.85,0.68,Firenze,Early Winter,1,private,"43.77713, 11.26182",2024-12-15
57767,22,2010-10-30,Superhost,9,Centro Storico,3,2,Entire home,8,221,116,4.91,4.96,4.96,4.89,4.88,4.93,4.89,0.78,Firenze,Early Winter,2,private,"43.76728, 11.25066",2024-12-15
57859,17,2010-10-29,Superhost,28,Centro Storico,1,1,Entire home,3,130,199,4.7,4.77,4.8,4.76,4.84,4.95,4.66,1.3,Firenze,Early Winter,1,private,"43.77613, 11.25492",2024-12-15
60838,17,2010-11-21,Superhost,1,Centro Storico,2,1,Entire home,4,126,116,4.91,4.91,4.96,4.97,5,4.9,4.85,0.75,Firenze,Early Winter,2,private,"43.77263, 11.26316",2024-12-15
251811,23,2010-10-29,Superhost,28,Centro Storico,6,3,Entire home,6,279,203,4.78,4.79,4.84,4.82,4.83,4.83,4.75,1.39,Firenze,Early Winter,1,private,"43.7733, 11.24754",2024-12-15
46520,29,2010-03-21,Host,3,Centro Storico,1,1,Entire home,2,85,196,4.84,4.87,4.9,4.96,4.97,4.92,4.82,1.28,Firenze,Early Winter,1,private,"43.77089, 11.25966",2024-12-15
255154,15,2011-10-27,Host,2,Campo di Marte,4,2,Entire home,4,129,215,4.77,4.84,4.91,4.89,4.89,4.54,4.71,1.68,Firenze,Early Winter,2,private,"43.76813583209722, 11.280788866715431",2024-12-15
66045,0,2010-12-20,Superhost,4,Campo di Marte,2,1,Entire home,4,,96,4.64,4.74,4.7,4.93,4.91,4.52,4.6,0.61,Firenze,Early Winter,1,private,"43.78262, 11.26856",2024-12-15
261609,1,2011-11-05,Superhost,6,Centro Storico,1,,Private room,2,83,10,4.38,4.75,4.88,4.5,5,4.88,4.75,0.07,Firenze,Early Winter,1,private,"43.77455, 11.23997",2024-12-15
66353,8,2010-12-20,Superhost,4,Centro Storico,3,2,Entire home,5,113,31,4.7,4.9,4.83,4.93,4.93,4.86,4.76,0.2,Firenze,Early Winter,3,private,"43.77055, 11.26723",2024-12-15
66598,11,2010-12-20,Superhost,4,Centro Storico,4,2,Entire home,6,133,142,4.87,4.9,4.93,4.94,4.95,4.94,4.86,0.94,Firenze,Early Winter,2,private,"43.76787, 11.26324",2024-12-15
66903,13,2010-12-28,Superhost,1,Centro Storico,2,1,Entire home,4,120,28,4.93,4.93,4.86,4.96,5,5,4.79,0.18,Firenze,Autumn,1,private,"43.77591, 11.25846",2024-12-15
264971,0,2011-11-09,Host,2,Campo di Marte,1,1,Private room,2,1000,80,4.8,4.95,4.92,4.82,4.87,4.46,4.75,0.55,Firenze,Early Winter,1,private,"43.76999, 11.30511",2024-12-15
270205,19,2011-11-16,Superhost,2,Centro Storico,1,1,Entire home,2,120,204,4.81,4.85,4.91,4.96,4.97,4.95,4.77,1.43,Firenze,Early Winter,1,private,"43.77299, 11.26279",2024-12-15
67725,0,2010-07-15,Host,12,Centro Storico,2,1,Private room,3,114,9,4.1,4,4.4,4.7,4.6,4.9,4.2,0.08,Firenze,Early Winter,1,private,"43.77525, 11.25258",2024-12-15
68273,0,2011-01-07,Host,8,Centro Storico,1,1,Entire home,3,124,40,4.98,4.96,5,4.88,5,4.92,4.92,0.26,Firenze,Early Winter,2,private,"43.77931, 11.25805",2024-12-15
70885,6,2010-07-15,Host,12,Centro Storico,2,1,Private room,2,83,32,4.38,4.5,4.5,4.69,4.47,4.84,4.25,0.21,Firenze,Early Winter,0,private,"43.77525, 11.25258",2024-12-15
71605,3,2010-07-15,Host,12,Centro Storico,2,1,Private room,2,95,25,4.21,4.24,4.4,4.64,4.48,4.84,4.24,0.16,Firenze,Early Winter,1,private,"43.77525, 11.25258",2024-12-15
73345,23,2011-02-08,Superhost,7,Centro Storico,2,1,Entire home,4,115,153,4.68,4.79,4.75,4.76,4.85,4.95,4.67,1.65,Firenze,Early Winter,1,private,"43.76971, 11.2518",2024-12-15
73739,2,2011-02-10,Superhost,1,Isolotto Legnaia,2,1,Entire home,4,105,46,4.56,4.64,4.59,4.41,4.7,4.77,4.5,0.3,Firenze,Early Winter,1,private,"43.76988, 11.23978",2024-12-15
271153,44,2010-10-18,Host,15,Campo di Marte,1,1,Entire home,2,66,369,4.48,4.52,4.81,4.74,4.62,4.51,4.4,2.54,Firenze,Early Winter,1,private,"43.78202, 11.32323",2024-12-15
74682,74,2011-02-10,Host,1,Centro Storico,1,1,Entire home,2,69,1035,4.76,4.87,4.82,4.84,4.87,4.9,4.81,6.7,Firenze,Early Winter,1,private,"43.77243, 11.24519",2024-12-15
77570,97,2011-03-01,Superhost,3,Centro Storico,3,2,Entire home,4,,720,4.93,4.95,4.94,4.99,4.97,4.99,4.92,5.41,Firenze,Early Winter,2,private,"43.77272, 11.25914",2024-12-15
273691,23,2011-06-21,Host,14,Centro Storico,2,1,Private room,4,81,725,4.81,4.81,4.79,4.91,4.89,4.93,4.81,4.97,Firenze,Early Winter,1,private,"43.77531, 11.25456",2024-12-15
80692,0,2012-11-15,Host,160,Centro Storico,1,1,Entire home,4,180,2,4.5,4.5,4.5,5,5,5,4,0.02,Firenze,Early Winter,1,private,"43.77556, 11.26009",2024-12-15
80693,0,2012-11-15,Host,160,Centro Storico,4,,Entire home,6,257,11,4.45,4.36,4.55,4,4.27,4.91,4.27,0.11,Firenze,Early Winter,1,private,"43.77556, 11.26009",2024-12-15
80694,2,2012-11-15,Host,160,Centro Storico,4,2,Entire home,6,226,26,4.32,4.46,4.35,4.65,4.73,5,4.19,0.17,Firenze,Early Winter,1,private,"43.77556, 11.26009",2024-12-15
279009,40,2009-10-15,Superhost,1,Centro Storico,2,1,Entire home,2,123,323,4.74,4.86,4.9,4.82,4.92,4.85,4.69,2.35,Firenze,Early Winter,1,private,"43.77326, 11.24596",2024-12-15
279656,14,2010-10-29,Superhost,28,Centro Storico,4,2,Entire home,2,187,58,4.81,4.79,4.88,4.79,4.84,4.91,4.79,0.41,Firenze,Early Winter,2,private,"43.764389, 11.261067",2024-12-15
82626,1,2010-07-15,Host,12,Centro Storico,2,1,Private room,2,83,19,4.42,4.56,4.5,4.72,4.72,4.78,4.17,0.12,Firenze,Early Winter,0,private,"43.77525, 11.25258",2024-12-15
83045,21,2011-02-23,Host,3,Centro Storico,5,3,Entire home,10,450,227,4.7,4.84,4.62,4.82,4.86,4.9,4.78,1.64,Firenze,Early Winter,3,private,"43.76807, 11.25997",2024-12-15
281491,24,2011-12-03,Host,11,Centro Storico,2,1,Entire home,3,95,72,4.13,4.38,4.29,4.36,4.31,4.9,4.22,0.5,Firenze,Early Winter,1,private,"43.77453, 11.25684",2024-12-15
296113,57,2011-12-22,Superhost,12,Centro Storico,2,1,Entire home,4,110,291,4.83,4.92,4.85,4.92,4.94,4.98,4.85,2.06,Firenze,Early Winter,1,private,"43.7681, 11.2564",2024-12-15
297891,14,2010-06-29,Host,5,Centro Storico,1,1,Entire home,3,85,45,4.64,4.59,4.61,4.86,4.89,4.98,4.55,0.31,Firenze,Early Winter,1,private,"43.7689, 11.24409",2024-12-15
83281,42,2011-03-21,Superhost,1,Centro Storico,1,1,Entire home,2,66,46,4.83,4.8,4.85,4.96,4.96,5,4.76,0.72,Firenze,Early Winter,1,private,"43.76947, 11.254953",2024-12-15
84726,13,2010-06-29,Host,5,Centro Storico,1,1,Entire home,3,99,111,4.65,4.74,4.79,4.82,4.83,4.8,4.65,0.72,Firenze,Early Winter,1,private,"43.76207, 11.24275",2024-12-15
298143,41,2011-09-20,Superhost,48,Centro Storico,1,1,Entire home,2,129,533,4.78,4.88,4.9,4.94,4.94,4.94,4.78,3.74,Firenze,Early Winter,1,private,"43.77203, 11.25575",2024-12-15
84829,25,2011-03-26,Superhost,2,Centro Storico,2,1,Entire home,4,137,133,4.96,4.98,4.98,4.98,4.98,4.98,4.92,0.87,Firenze,Early Winter,1,private,"43.77358, 11.25723",2024-12-15
89856,26,2011-04-06,Host,44,Centro Storico,3,2,Entire home,4,179,166,4.86,4.91,4.89,4.93,4.91,4.94,4.79,1.18,Firenze,Early Winter,1,private,"43.76801, 11.26212",2024-12-15
90557,25,2011-04-07,Superhost,4,Campo di Marte,3,2,Entire home,2,88,91,4.85,4.86,4.88,4.9,4.89,4.85,4.74,0.78,Firenze,Early Winter,2,private,"43.77017, 11.27702",2024-12-15
94913,80,2011-04-13,Host,13,Centro Storico,2,1,Private room,3,106,486,4.74,4.83,4.79,4.86,4.83,4.91,4.79,3.19,Firenze,Autumn,1,private,"43.76971, 11.24542",2024-12-15
105652,0,2013-02-10,Host,5,Centro Storico,7,3,Entire home,10,150,408,4.65,4.68,4.52,4.86,4.87,4.93,4.73,2.66,Firenze,Early Winter,2,private,"43.77598, 11.2548",2024-12-15
106407,3,2012-11-15,Host,160,Centro Storico,7,3,Entire home,10,415,41,4.4,4.41,4.59,4.49,4.73,4.85,4.34,0.27,Firenze,Early Winter,2,private,"43.76977, 11.26376",2024-12-15
109302,15,2011-05-07,Host,1,Centro Storico,1,1,Private room,2,75,122,4.85,4.84,4.88,4.91,4.87,4.94,4.86,0.81,Firenze,Early Winter,1,private,"43.77082, 11.25711",2024-12-15
316854,14,2012-01-19,Host,3,Campo di Marte,2,1,Entire home,3,93,149,4.92,4.88,4.92,4.94,4.95,4.87,4.92,1.09,Firenze,Early Winter,1,private,"43.79101, 11.29321",2024-12-15
316984,1,2010-07-15,Host,12,Centro Storico,1,,Entire home,2,231,28,4.39,4.32,4.36,4.82,4.86,4.89,4.21,0.22,Firenze,Early Winter,1,private,"43.77525, 11.25259",2024-12-15
122324,8,2011-05-22,Superhost,5,Campo di Marte,9,4,Entire home,12,826,32,4.88,4.81,4.69,4.91,4.97,4.69,4.75,0.23,Firenze,Early Winter,6,private,"43.80993910508455, 11.273253396410809",2024-12-15
124134,19,2011-05-23,Host,3,Isolotto Legnaia,4,2,Entire home,6,116,218,4.62,4.75,4.7,4.89,4.92,4.56,4.69,1.44,Firenze,Early Winter,2,private,"43.77423, 11.23028",2024-12-15
339138,0,2011-08-31,Host,16,Campo di Marte,1,1,Private room,1,52,21,4.85,4.9,4.9,4.95,4.95,4.65,4.8,0.15,Firenze,Early Winter,1,shared,"43.77893, 11.26936",2024-12-15
128095,1,2011-05-27,Host,7,Centro Storico,1,1,Private room,2,106,150,4.75,4.71,4.81,4.92,4.84,4.74,4.76,1.06,Firenze,Early Winter,1,private,"43.77412, 11.24568",2024-12-15
341907,0,2012-02-11,Host,1,Centro Storico,4,2,Entire home,4,150,229,4.89,4.86,4.96,4.97,4.98,4.88,4.91,1.6,Firenze,Early Winter,2,private,"43.76957, 11.26455",2024-12-15
129927,0,2011-05-29,Host,2,Centro Storico,1,1,Entire home,2,160,105,4.82,4.78,4.86,4.79,4.91,4.96,4.75,0.7,Firenze,Early Winter,1,private,"43.77471850305955, 11.2559369778253",2024-12-15
343773,46,2012-02-13,Superhost,8,Centro Storico,2,1,Entire home,4,139,463,4.98,4.96,4.97,4.99,4.97,4.93,4.97,3.33,Firenze,Early Winter,1,private,"43.77427, 11.26205",2024-12-15
132401,62,2011-06-01,Superhost,4,Centro Storico,2,1,Entire home,3,86,269,4.69,4.67,4.71,4.79,4.84,4.75,4.71,1.77,Firenze,Early Winter,1,private,"43.77059, 11.26509",2024-12-15
345815,0,2012-02-15,Host,1,Campo di Marte,3,2,Entire home,6,100,1,5,5,5,5,5,4,4,0.01,Firenze,Early Winter,3,private,"43.81893, 11.28034",2024-12-15
132955,0,2011-06-01,Host,6,Centro Storico,2,1,Private room,2,40,54,4.6,4.54,4.69,4.8,4.76,4.56,4.5,0.36,Firenze,Early Winter,1,private,"43.76035, 11.24044",2024-12-15
133197,71,2011-06-01,Superhost,1,Centro Storico,1,1,Private room,2,79,594,4.78,4.75,4.81,4.91,4.91,4.65,4.71,3.9,Firenze,Early Winter,1,private,"43.78213, 11.24163",2024-12-15
346237,4,2012-02-15,Host,5,Campo di Marte,3,2,Entire home,4,196,24,4.63,4.71,4.83,4.83,4.67,4.79,4.67,0.3,Firenze,Early Winter,1,private,"43.77133, 11.31963",2024-12-15
133411,7,2010-07-15,Host,12,Centro Storico,2,1,Private room,2,95,23,4.61,4.61,4.48,4.78,4.83,4.91,4.61,0.19,Firenze,Autumn,1,private,"43.77533, 11.25254",2024-12-15
136910,9,2011-06-06,Superhost,6,Centro Storico,1,1,Entire home,1,86,77,4.9,4.93,4.84,4.93,4.96,4.95,4.84,0.61,Firenze,Early Winter,1,private,"43.77111, 11.24893",2024-12-15
346238,3,2012-02-15,Host,5,Campo di Marte,1,1,Entire home,2,159,26,4.65,4.88,4.92,4.85,4.85,4.46,4.65,0.29,Firenze,Early Winter,1,private,"43.77119, 11.31819",2024-12-15
346239,1,2012-02-15,Host,5,Campo di Marte,2,1,Entire home,4,176,35,4.8,4.88,4.97,4.97,5,4.85,4.82,0.34,Firenze,Early Winter,1,private,"43.77149, 11.31847",2024-12-15
138936,5,2011-04-21,Host,1,Centro Storico,1,1,Private room,2,51,101,4.75,4.7,4.76,4.91,4.94,4.84,4.71,0.68,Firenze,Early Winter,1,private,"43.77579, 11.24643",2024-12-15
347062,2,2012-02-16,Host,5,Isolotto Legnaia,7,3,Entire home,10,341,14,4.79,4.69,4.79,4.93,4.93,4.86,4.71,0.11,Firenze,Early Winter,2,private,"43.77217, 11.23438",2024-12-15
141661,7,2011-06-11,Superhost,9,Centro Storico,8,3,Entire home,9,254,53,4.88,4.87,4.85,4.92,4.94,4.92,4.85,0.38,Firenze,Early Winter,2,private,"43.77255, 11.26408",2024-12-15
347729,0,2011-06-22,Host,4,Rifredi,5,3,Entire home,8,290,83,4.78,4.84,4.93,4.84,4.92,4.3,4.78,0.59,Firenze,Early Winter,3,private,"43.8026, 11.2378",2024-12-15
142389,0,2012-11-15,Host,160,Centro Storico,2,1,Entire home,4,149,1,5,5,5,5,4,5,4,0.01,Firenze,Early Winter,1,private,"43.76958, 11.26351",2024-12-15
142416,0,2012-11-15,Host,160,Centro Storico,2,1,Entire home,4,256,11,4.27,4.64,4,4.55,5,4.91,4.45,0.14,Firenze,Early Winter,1,private,"43.7702, 11.26215",2024-12-15
146732,0,2011-06-16,Host,2,Centro Storico,2,,Entire home,4,150,11,4.73,5,4.91,5,5,4.82,4.82,0.15,Firenze,Early Winter,1,private,"43.7622, 11.2431",2024-12-15
351439,51,2012-02-20,Superhost,4,Centro Storico,1,1,Entire home,4,,219,4.9,4.94,4.95,4.91,4.94,4.98,4.9,1.54,Firenze,Early Winter,1,private,"43.76779, 11.25987",2024-12-15
354097,31,2012-02-22,Superhost,7,Centro Storico,2,1,Entire home,4,176,176,4.87,4.89,4.93,4.98,4.98,4.65,4.81,1.24,Firenze,Early Winter,2,private,"43.76196, 11.24245",2024-12-15
354112,6,2012-02-22,Superhost,7,Centro Storico,2,1,Entire home,4,184,77,4.89,4.92,4.93,4.95,4.97,4.79,4.81,0.54,Firenze,Early Winter,1,private,"43.76196, 11.24245",2024-12-15
147220,9,2012-11-15,Host,160,Centro Storico,5,3,Entire home,6,401,85,4.52,4.65,4.73,4.63,4.69,4.98,4.49,0.57,Firenze,Early Winter,2,private,"43.77569, 11.25229",2024-12-15
359054,2,2012-02-22,Superhost,7,Centro Storico,2,1,Entire home,4,154,96,4.87,4.95,4.89,4.95,4.91,4.67,4.82,0.68,Firenze,Early Winter,2,private,"43.76196, 11.24245",2024-12-15
359058,2,2012-02-22,Superhost,7,Centro Storico,3,2,Entire home,5,214,62,4.92,4.9,4.93,4.95,4.97,4.68,4.85,0.44,Firenze,Early Winter,1,private,"43.76196, 11.24245",2024-12-15
150675,49,2011-06-21,Host,14,Centro Storico,1,1,Private room,2,63,788,4.75,4.82,4.76,4.89,4.88,4.9,4.74,5.29,Firenze,Early Winter,1,private,"43.77522, 11.25454",2024-12-15
160310,70,2011-07-02,Superhost,8,Centro Storico,1,1,Entire home,2,81,381,4.92,4.96,4.97,4.98,4.95,4.89,4.89,2.55,Firenze,Early Winter,1,private,"43.77521, 11.24534",2024-12-15
367374,6,2012-02-22,Superhost,7,Centro Storico,3,2,Entire home,4,213,93,4.84,4.94,4.86,4.89,4.96,4.7,4.74,0.66,Firenze,Early Winter,2,private,"43.76196, 11.24245",2024-12-15
367427,4,2012-02-22,Superhost,7,Centro Storico,3,2,Entire home,4,137,79,4.9,4.92,4.94,4.91,4.94,4.59,4.76,0.56,Firenze,Early Winter,1,private,"43.76196, 11.24245",2024-12-15
367487,3,2012-03-04,Host,1,Centro Storico,1,1,Entire home,2,119,48,4.79,4.81,4.71,4.96,4.98,4.96,4.69,0.72,Firenze,Early Winter,1,private,"43.76856, 11.26299",2024-12-15
160352,63,2011-07-02,Superhost,8,Centro Storico,1,1,Entire home,2,74,407,4.91,4.92,4.93,4.95,4.95,4.88,4.86,2.86,Firenze,Early Winter,1,private,"43.77586, 11.2443",2024-12-15
160366,44,2011-07-02,Superhost,8,Centro Storico,1,1,Entire home,2,85,669,4.82,4.88,4.87,4.96,4.96,4.85,4.82,4.51,Firenze,Early Winter,1,private,"43.77427, 11.24729",2024-12-15
369523,12,2012-03-05,Host,3,Gavinana Galluzzo,1,1,Entire home,2,76,46,4.62,4.56,4.84,4.82,4.8,4.64,4.61,0.33,Firenze,Early Winter,1,private,"43.76399, 11.27084",2024-12-15
372687,0,2012-11-15,Host,160,Centro Storico,2,,Entire home,6,208,10,4.2,4.1,4,4.5,4.9,4.7,4.3,0.08,Firenze,Autumn,1,private,"43.76976, 11.26376",2024-12-15
160399,26,2011-07-02,Superhost,8,Centro Storico,1,1,Entire home,2,75,470,4.81,4.89,4.9,4.91,4.93,4.97,4.81,3.15,Firenze,Early Winter,1,private,"43.76584, 11.2544",2024-12-15
161134,0,2011-08-19,Host,1,Isolotto Legnaia,1,1,Entire home,2,180,3,5,4.67,4.67,5,5,5,5,0.15,Firenze,Early Winter,1,private,"43.77278, 11.23709",2024-12-15
162132,0,2011-05-31,Host,2,Campo di Marte,2,1,Entire home,4,100,18,4.06,4.5,4.33,4.53,4.5,4.28,4.17,0.13,Firenze,Early Winter,1,private,"43.78933, 11.27226",2024-12-15
174420,36,2011-07-18,Superhost,1,Centro Storico,1,1,Entire home,6,84,160,4.68,4.81,4.85,4.81,4.82,4.78,4.67,1.07,Firenze,Early Winter,2,private,"43.77225, 11.24849",2024-12-15
379760,2,2012-03-12,Superhost,5,Campo di Marte,2,1,Entire home,4,186,106,4.79,4.89,4.91,4.92,4.89,4.64,4.68,0.93,Firenze,Early Winter,2,private,"43.78391, 11.28177",2024-12-15
181844,8,2011-06-05,Superhost,4,Centro Storico,2,1,Entire home,2,150,22,4.95,4.91,5,4.95,5,4.82,4.82,0.17,Firenze,Early Winter,1,private,"43.76506, 11.24467",2024-12-15
384095,3,2011-04-19,Host,1,Centro Storico,1,1,Private room,2,95,101,4.09,4.3,3.83,4.6,4.59,4.75,4.18,0.71,Firenze,Early Winter,1,private,"43.77516, 11.2525",2024-12-15
393927,12,2012-02-20,Superhost,7,Campo di Marte,3,2,Entire home,4,162,28,4.86,4.82,4.79,4.96,4.96,4.89,4.93,0.34,Firenze,Early Winter,2,private,"43.77696, 11.30987",2024-12-15
182984,6,2011-07-27,Superhost,1,Centro Storico,3,2,Entire home,3,146,17,4.47,4.47,4.47,4.71,4.65,5,4.65,0.15,Firenze,Early Winter,1,private,"43.76554, 11.2586",2024-12-15
393928,19,2012-02-20,Superhost,7,Campo di Marte,1,1,Entire home,2,180,91,4.82,4.8,4.75,4.89,4.86,4.83,4.79,0.68,Firenze,Early Winter,1,private,"43.7788, 11.31186",2024-12-15
189586,2,2011-08-03,Host,2,Campo di Marte,2,1,Entire home,4,140,46,4.53,4.52,4.5,4.57,4.74,4.67,4.24,0.35,Firenze,Early Winter,1,private,"43.77069, 11.27713",2024-12-15
396710,0,2011-08-23,Host,5,Centro Storico,2,1,Hotel room,3,69,49,4.61,4.73,4.86,4.83,4.96,4.76,4.59,0.53,Firenze,Early Winter,1,private,"43.78065, 11.24577",2024-12-15
396714,89,2011-08-23,Host,5,Centro Storico,1,1,Hotel room,2,50,421,4.5,4.69,4.74,4.82,4.83,4.55,4.51,3.01,Firenze,Early Winter,1,shared,"43.78049, 11.24462",2024-12-15
399107,8,2011-04-06,Host,44,Centro Storico,2,1,Entire home,2,140,50,4.57,4.62,4.46,4.84,4.82,4.92,4.48,0.35,Firenze,Early Winter,1,private,"43.76525, 11.25353",2024-12-15
191323,1,2011-08-03,Host,2,Centro Storico,2,1,Entire home,4,140,74,4.64,4.81,4.59,4.85,4.88,4.89,4.61,0.5,Firenze,Early Winter,1,private,"43.77178, 11.26133",2024-12-15
403424,1,2012-03-26,Host,1,Centro Storico,2,1,Entire home,2,50,128,4.56,4.67,4.63,4.86,4.91,4.91,4.65,0.91,Firenze,Early Winter,1,private,"43.76795, 11.25168",2024-12-15
193675,17,2011-08-08,Host,2,Centro Storico,1,1,Entire home,4,104,103,4.25,4.42,4.29,4.4,4.45,4.63,4.24,0.69,Firenze,Early Winter,1,private,"43.76778, 11.24119",2024-12-15
404451,0,2011-09-07,Host,3,Isolotto Legnaia,3,2,Entire home,6,91,117,4.48,4.57,4.7,4.51,4.44,4.07,4.44,0.83,Firenze,Early Winter,1,private,"43.77306, 11.19181",2024-12-15
197711,11,2010-11-21,Host,5,Centro Storico,2,1,Entire home,3,144,97,4.83,4.81,4.87,4.89,4.92,4.86,4.76,1.06,Firenze,Early Winter,2,private,"43.77249, 11.26121",2024-12-15
405278,7,2011-05-30,Superhost,8,Rifredi,2,1,Entire home,2,120,16,4.75,4.69,4.75,4.63,4.81,4.81,4.56,0.15,Firenze,Early Winter,1,private,"43.79713, 11.25299",2024-12-15
201931,3,2011-08-18,Superhost,3,Rifredi,2,1,Entire home,4,181,60,4.91,4.93,4.86,4.97,4.98,4.68,4.81,0.43,Firenze,Early Winter,1,private,"43.78437938421835, 11.253579331814272",2024-12-15
405633,4,2011-06-30,Superhost,15,Centro Storico,2,1,Hotel room,2,105,26,4.92,4.96,4.85,4.96,5,5,4.88,0.29,Firenze,Autumn,1,private,"43.76781, 11.25886",2024-12-15
406841,0,2012-03-28,Host,2,Centro Storico,3,2,Entire home,4,150,1,5,5,5,5,5,5,5,0.01,Firenze,Early Winter,1,private,"43.77676, 11.25516",2024-12-15
205228,42,2011-08-23,Host,5,Centro Storico,1,1,Hotel room,2,50,59,4.7,4.59,4.66,4.76,4.69,4.49,4.46,0.42,Firenze,Early Winter,1,shared,"43.77987, 11.24381",2024-12-15
209838,47,2011-08-29,Superhost,6,Centro Storico,2,1,Entire home,4,103,382,4.6,4.72,4.67,4.89,4.9,4.86,4.64,2.63,Firenze,Early Winter,1,private,"43.77318, 11.24431",2024-12-15
412264,1,2011-06-11,Superhost,9,Centro Storico,6,3,Entire home,7,181,24,4.87,4.79,4.79,4.92,4.92,4.83,4.75,0.17,Firenze,Early Winter,2,private,"43.77291, 11.26426",2024-12-15
212107,8,2011-06-15,Host,7,Centro Storico,4,2,Private room,2,69,10,4.6,4.8,4.3,4.3,4.5,5,4.5,0.1,Firenze,Early Winter,2,shared,"43.76499, 11.25764",2024-12-15
413600,23,2012-04-02,Host,4,Centro Storico,2,1,Entire home,2,114,127,4.67,4.72,4.64,4.76,4.69,4.9,4.63,0.91,Firenze,Early Winter,2,private,"43.76631, 11.24384",2024-12-15
423556,3,2012-04-10,Host,2,Centro Storico,4,2,Entire home,6,300,52,4.72,4.86,4.82,4.9,4.78,4.9,4.74,0.37,Firenze,Early Winter,2,private,"43.77345, 11.2436",2024-12-15
531876,38,2012-03-06,Host,1,Centro Storico,2,1,Entire home,4,150,171,4.9,4.96,4.96,4.88,4.88,4.97,4.86,1.23,Firenze,Early Winter,1,private,"43.76792, 11.24975",2024-12-15
424065,61,2012-04-10,Superhost,1,Centro Storico,1,1,Entire home,4,110,409,4.9,4.89,4.93,4.97,4.97,4.96,4.85,2.89,Firenze,Early Winter,1,private,"43.77258, 11.26095",2024-12-15
540731,54,2012-06-17,Host,1,Centro Storico,2,1,Entire home,4,200,572,4.77,4.82,4.78,4.82,4.81,4.97,4.74,4.19,Firenze,Early Winter,1,private,"43.77318, 11.25748",2024-12-15
429670,1,2011-10-09,Superhost,5,Centro Storico,3,2,Entire home,5,286,2,3.5,3.5,3.5,5,5,5,3.5,0.02,Firenze,Early Winter,1,private,"43.77109, 11.25798",2024-12-15
430349,19,2012-04-09,Host,2,Centro Storico,3,2,Entire home,5,104,122,4.7,4.73,4.74,4.89,4.88,4.64,4.54,0.87,Firenze,Early Winter,1,private,"43.77851, 11.25196",2024-12-15
546005,1,2012-06-19,Host,1,Centro Storico,2,1,Entire home,4,72,112,4.75,4.86,4.77,4.94,4.92,4.93,4.78,0.81,Firenze,Early Winter,1,private,"43.76655, 11.2531",2024-12-15
444641,20,2012-04-24,Host,1,Centro Storico,2,1,Entire home,4,103,139,4.59,4.73,4.72,4.51,4.68,4.92,4.54,0.99,Firenze,Early Winter,1,private,"43.76804, 11.25172",2024-12-15
547531,0,2012-06-20,Host,16,Centro Storico,1,1,Private room,2,195,259,4.6,4.71,4.64,4.8,4.85,4.74,4.66,1.86,Firenze,Early Winter,1,private,"43.77604, 11.25313",2024-12-15
445904,40,2012-04-24,Superhost,1,Centro Storico,4,,Entire home,4,90,305,4.87,4.88,4.9,4.95,4.97,4.93,4.86,2.18,Firenze,Early Winter,1,private,"43.77032, 11.26547",2024-12-15
450734,34,2011-08-31,Superhost,13,Centro Storico,1,1,Private room,2,67,508,4.72,4.81,4.83,4.88,4.89,4.59,4.69,3.59,Firenze,Early Winter,1,private,"43.7695, 11.24082",2024-12-15
552838,2,2012-06-22,Host,1,Isolotto Legnaia,1,1,Entire home,1,65,57,4.76,4.84,4.75,4.98,4.98,4.58,4.7,0.42,Firenze,Early Winter,1,private,"43.77412, 11.22964",2024-12-15
456996,0,2012-05-02,Superhost,4,Campo di Marte,1,1,Private room,2,99,1,5,5,5,5,5,5,5,0.07,Firenze,Summer,1,private,"43.77961, 11.27975",2024-12-15
457154,29,2011-08-31,Superhost,13,Centro Storico,1,1,Private room,2,67,446,4.7,4.75,4.82,4.84,4.82,4.58,4.67,3.17,Firenze,Early Winter,1,private,"43.76936, 11.24082",2024-12-15
463877,0,2012-05-02,Superhost,4,Campo di Marte,2,1,Private room,4,124,1,5,5,5,5,5,4,5,0.07,Firenze,Early Winter,1,private,"43.77954, 11.27986",2024-12-15
463942,1,2012-05-02,Superhost,4,Campo di Marte,1,1,Private room,2,80,10,4.7,4.5,4.8,4.8,4.8,4.2,4.8,0.09,Firenze,Early Winter,1,private,"43.78144, 11.28003",2024-12-15
463966,7,2012-05-02,Superhost,4,Campo di Marte,5,3,Entire home,8,220,35,4.97,4.91,4.97,5,4.97,4.83,4.91,0.29,Firenze,Early Winter,3,private,"43.77976, 11.2801",2024-12-15
464111,22,2012-05-04,Host,1,Centro Storico,1,1,Entire home,2,76,167,4.4,4.65,4.63,4.8,4.8,4.79,4.46,1.19,Firenze,Early Winter,1,private,"43.77179718017578, 11.263771057128906",2024-12-15
556164,0,2012-06-25,Host,7,Gavinana Galluzzo,3,2,Hotel room,3,252,1,5,5,5,5,5,4,5,0.01,Firenze,Early Winter,1,private,"43.74434, 11.21535",2024-12-15
469515,19,2012-05-09,Host,25,Centro Storico,3,2,Entire home,7,120,245,4.69,4.74,4.69,4.89,4.89,4.85,4.66,1.74,Firenze,Early Winter,2,private,"43.77023, 11.26429",2024-12-15
471267,17,2010-03-21,Host,3,Centro Storico,1,1,Entire home,4,92,126,4.81,4.84,4.87,4.9,4.94,4.83,4.73,0.96,Firenze,Early Winter,1,private,"43.78066, 11.25774",2024-12-15
559019,6,2016-08-07,Host,2,Centro Storico,3,2,Entire home,5,110,38,4.73,4.79,4.76,4.82,4.84,4.89,4.61,0.28,Firenze,Early Winter,1,private,"43.76601, 11.24161",2024-12-15
472854,8,2011-05-23,Host,3,Centro Storico,5,3,Entire home,6,315,180,4.62,4.73,4.61,4.92,4.89,4.85,4.69,1.32,Firenze,Early Winter,2,private,"43.76797, 11.2673",2024-12-15
475973,49,2012-05-13,Superhost,6,Rifredi,5,3,Entire home,7,77,195,4.85,4.9,4.88,4.93,4.93,4.46,4.83,1.39,Firenze,Early Winter,1,private,"43.80501, 11.23859",2024-12-15
479657,1,2012-05-02,Host,5,Centro Storico,2,1,Entire home,4,300,20,4.85,4.85,4.85,4.9,4.95,4.95,4.75,0.14,Firenze,Early Winter,1,private,"43.77426, 11.25699",2024-12-15
485541,52,2012-05-18,Superhost,5,Centro Storico,2,1,Entire home,3,59,385,4.69,4.79,4.76,4.82,4.86,4.58,4.71,2.74,Firenze,Early Winter,1,private,"43.78005, 11.23944",2024-12-15
488425,0,2012-05-20,Host,1,Centro Storico,3,2,Entire home,6,100,13,4.54,4.62,4.69,4.69,4.75,4,4.38,0.09,Firenze,Early Winter,3,private,"43.78608322143555, 11.226951599121094",2024-12-15
574603,62,2012-07-04,Superhost,1,Centro Storico,2,1,Entire home,5,75,574,4.91,4.94,4.88,4.96,4.95,4.94,4.91,4.12,Firenze,Early Winter,1,private,"43.76781, 11.24412",2024-12-15
491105,6,2012-05-21,Superhost,7,Campo di Marte,2,1,Private room,2,79,26,4.85,4.88,4.96,4.88,4.96,4.77,4.85,0.39,Firenze,Early Winter,1,shared,"43.79273, 11.27445",2024-12-15
491135,81,2012-05-21,Superhost,2,Centro Storico,1,,Private room,2,78,511,4.9,4.9,4.9,4.92,4.92,4.97,4.88,3.65,Firenze,Early Winter,1,private,"43.771820068359375, 11.259679794311523",2024-12-15
494454,0,2011-01-30,Host,2,Centro Storico,1,1,Entire home,2,75,1,5,5,5,5,5,5,5,0.01,Firenze,Early Winter,1,private,"43.7656, 11.24738",2024-12-15
497538,38,2012-05-24,Host,1,Centro Storico,1,1,Entire home,2,85,110,4.7,4.72,4.76,4.8,4.88,4.94,4.6,0.79,Firenze,Early Winter,1,private,"43.7684, 11.24701",2024-12-15
500709,29,2012-05-26,Superhost,2,Centro Storico,2,1,Entire home,4,93,110,4.74,4.88,4.78,4.93,4.95,4.5,4.73,0.79,Firenze,Summer,1,private,"43.78455, 11.23301",2024-12-15
501537,8,2011-12-19,Superhost,3,Centro Storico,4,2,Entire home,6,128,43,5,5,4.95,5,5,4.88,4.95,0.34,Firenze,Early Winter,1,private,"43.77398, 11.2451",2024-12-15
577350,55,2012-07-05,Superhost,1,Centro Storico,1,1,Private room,1,46,571,4.89,4.95,4.89,4.95,4.93,4.93,4.89,4.16,Firenze,Early Winter,1,private,"43.77523, 11.25625",2024-12-15
503147,29,2011-08-23,Host,5,Centro Storico,1,1,Hotel room,1,41,54,4.74,4.8,4.89,4.89,4.93,4.69,4.72,0.44,Firenze,Early Winter,1,shared,"43.77937, 11.24602",2024-12-15
579838,5,2012-07-06,Host,10,Centro Storico,2,1,Entire home,4,109,384,4.69,4.73,4.81,4.83,4.87,4.78,4.73,2.76,Firenze,Early Winter,1,private,"43.7704, 11.26296",2024-12-15
584756,6,2012-07-01,Host,1,Centro Storico,1,1,Entire home,2,200,140,4.89,4.92,4.96,4.97,4.99,4.87,4.87,1.01,Firenze,Early Winter,1,private,"43.76356, 11.24366",2024-12-15
504372,10,2012-05-15,Host,4,Centro Storico,1,1,Entire home,4,150,55,4.58,4.52,4.43,4.64,4.55,4.82,4.51,0.41,Firenze,Early Winter,1,private,"43.76385, 11.23997",2024-12-15
585780,15,2012-07-10,Superhost,2,Centro Storico,1,1,Entire home,1,90,213,4.83,4.89,4.82,4.91,4.91,4.91,4.82,1.53,Firenze,Early Winter,1,private,"43.76659, 11.24675",2024-12-15
505141,29,2012-01-24,Superhost,33,Centro Storico,2,1,Entire home,4,100,463,4.75,4.86,4.78,4.85,4.88,4.89,4.78,3.31,Firenze,Early Winter,1,private,"43.76619, 11.24702",2024-12-15
587379,2,2012-07-10,Superhost,2,Campo di Marte,1,1,Entire home,2,151,195,4.61,4.61,4.67,4.83,4.89,4.43,4.65,1.54,Firenze,Early Winter,1,private,"43.77758, 11.28696",2024-12-15
521618,0,2012-05-21,Superhost,11,Centro Storico,3,2,Entire home,3,100,106,4.72,4.77,4.91,4.89,4.89,4.89,4.78,0.79,Firenze,Early Winter,1,private,"43.76578, 11.24858",2024-12-15
523095,3,2012-05-15,Host,34,Centro Storico,1,1,Entire home,1,105,8,4.63,4.63,4.88,4.75,4.75,4.75,4.38,0.1,Firenze,Early Winter,1,private,"43.75865, 11.2429",2024-12-15
524676,34,2012-06-08,Superhost,3,Centro Storico,1,1,Entire home,2,80,369,4.8,4.77,4.8,4.93,4.95,4.95,4.72,2.64,Firenze,Early Winter,1,private,"43.7678, 11.25149",2024-12-15
526143,13,2012-06-09,Superhost,1,Centro Storico,1,1,Entire home,2,57,72,4.88,4.82,4.51,4.96,4.92,4.85,4.68,0.52,Firenze,Early Winter,1,private,"43.77441, 11.24667",2024-12-15
588021,53,2012-07-11,Superhost,1,Centro Storico,1,1,Private room,2,109,667,4.83,4.88,4.83,4.9,4.92,4.99,4.81,4.87,Firenze,Early Winter,1,private,"43.77168, 11.25272",2024-12-15
526412,0,2012-06-09,Host,1,Gavinana Galluzzo,1,1,Private room,1,30,26,4.9,4.96,4.84,4.8,4.96,4.8,4.88,0.19,Firenze,Early Winter,1,shared,"43.76285, 11.2785",2024-12-15
591218,12,2012-07-12,Host,1,Isolotto Legnaia,1,1,Entire home,2,48,42,4.42,4.72,4.3,4.88,4.98,4.49,4.37,0.31,Firenze,Early Winter,1,private,"43.77607, 11.21127",2024-12-15
527603,15,2012-06-08,Superhost,2,Centro Storico,1,1,Entire home,3,99,81,4.84,4.93,4.79,4.89,4.9,4.99,4.75,0.58,Firenze,Early Winter,1,private,"43.77079, 11.25723",2024-12-15
610985,28,2012-07-23,Superhost,3,Centro Storico,3,2,Entire home,6,113,216,4.8,4.83,4.86,4.87,4.87,4.84,4.75,1.58,Firenze,Early Winter,2,private,"43.77911, 11.26376",2024-12-15
611294,70,2012-07-23,Superhost,19,Centro Storico,8,3,Entire home,8,188,291,4.73,4.78,4.75,4.88,4.91,4.85,4.72,2.11,Firenze,Early Winter,2,private,"43.77278, 11.24895",2024-12-15
863369,38,2012-12-30,Superhost,2,Campo di Marte,3,2,Entire home,6,137,261,4.83,4.87,4.79,4.87,4.91,4.71,4.76,2.01,Firenze,Early Winter,1,private,"43.76989, 11.27657",2024-12-15
614736,18,2012-07-25,Host,1,Centro Storico,1,1,Entire home,2,128,116,4.71,4.87,4.48,4.89,4.88,4.96,4.71,0.84,Firenze,Early Winter,1,private,"43.76905, 11.25968",2024-12-15
614820,88,2012-05-18,Superhost,5,Centro Storico,2,1,Entire home,3,56,322,4.92,4.93,4.98,4.87,4.94,4.67,4.88,4.6,Firenze,Early Winter,1,private,"43.77924, 11.2399",2024-12-15
872780,16,2013-01-06,Superhost,14,Centro Storico,5,3,Entire home,5,175,82,4.91,4.96,4.95,4.99,4.99,4.96,4.89,0.63,Firenze,Summer,1,private,"43.77482, 11.25249",2024-12-15
878671,41,2013-01-09,Host,1,Centro Storico,2,1,Entire home,3,91,302,4.58,4.57,4.67,4.64,4.76,4.94,4.59,2.31,Firenze,Early Winter,1,private,"43.76838, 11.25425",2024-12-15
619625,0,2012-07-27,Host,12,Centro Storico,2,,Entire home,3,150,563,4.83,4.87,4.81,4.92,4.94,4.93,4.78,4.06,Firenze,Early Winter,1,private,"43.76956, 11.25967",2024-12-15
881322,30,2013-01-06,Superhost,14,Centro Storico,2,1,Entire home,4,160,114,4.94,4.97,4.98,5,4.99,5,4.9,0.89,Firenze,Early Winter,1,private,"43.77482, 11.25249",2024-12-15
881366,13,2013-01-06,Superhost,14,Centro Storico,3,2,Entire home,5,450,36,4.91,4.94,4.86,5,5,4.94,4.83,0.28,Firenze,Early Winter,4,private,"43.77316, 11.26546",2024-12-15
620555,33,2012-07-27,Superhost,1,Centro Storico,4,2,Entire home,5,131,309,4.93,4.93,4.96,4.99,4.99,4.78,4.88,2.27,Firenze,Early Winter,2,private,"43.76713, 11.23977",2024-12-15
621276,0,2012-07-27,Host,12,Centro Storico,3,2,Entire home,4,333,458,4.9,4.91,4.87,4.97,4.97,4.99,4.85,3.38,Firenze,Early Winter,1,private,"43.76933, 11.25114",2024-12-15
626595,32,2012-06-28,Host,3,Centro Storico,3,2,Entire home,5,110,223,4.21,4.34,4,4.62,4.5,4.85,4.32,1.61,Firenze,Early Winter,1,private,"43.77614, 11.25359",2024-12-15
883516,6,2013-01-12,Superhost,12,Centro Storico,2,1,Entire home,3,81,124,4.47,4.62,4.69,4.81,4.85,4.5,4.52,0.97,Firenze,Early Winter,1,private,"43.78324635240872, 11.243296469771444",2024-12-15
627198,0,2011-08-27,Host,7,Campo di Marte,1,1,Private room,3,100,4,5,5,5,5,4.75,5,4.75,0.03,Firenze,Early Winter,2,shared,"43.76841, 11.29708",2024-12-15
884196,0,2013-01-05,Host,4,Centro Storico,1,1,Private room,2,47,60,4.97,4.93,4.95,4.98,5,4.98,4.91,0.48,Firenze,Early Winter,1,shared,"43.76934, 11.26008",2024-12-15
886453,12,2013-01-14,Superhost,3,Centro Storico,7,3,Entire home,11,400,108,4.71,4.74,4.72,4.73,4.75,5,4.76,0.86,Firenze,Early Winter,2,private,"43.76944, 11.2552",2024-12-15
628637,22,2012-08-01,Host,2,Centro Storico,4,2,Entire home,3,75,74,4.86,4.73,4.73,4.92,4.89,4.96,4.74,0.55,Firenze,Early Winter,1,private,"43.7676, 11.25214",2024-12-15
645536,5,2012-08-12,Host,1,Centro Storico,1,1,Entire home,2,50,109,4.66,4.89,4.34,4.92,4.89,4.99,4.72,1.6,Firenze,Early Winter,1,private,"43.76674, 11.25346",2024-12-15
889153,1,2011-07-06,Host,5,Centro Storico,2,1,Entire home,2,112,302,4.88,4.93,4.96,4.95,4.97,4.92,4.86,2.34,Firenze,Early Winter,1,private,"43.76927, 11.26327",2024-12-15
650061,0,2012-08-15,Host,1,Rifredi,4,2,Entire home,4,95,29,4.55,4.62,4.72,4.86,4.93,4.34,4.55,0.23,Firenze,Early Winter,1,private,"43.79079, 11.24374",2024-12-15
890248,2,2012-09-03,Superhost,8,Centro Storico,1,1,Entire home,2,110,89,4.73,4.83,4.82,4.97,4.92,4.95,4.72,0.7,Firenze,Early Winter,1,private,"43.77175, 11.25006",2024-12-15
650750,32,2010-03-21,Host,3,Centro Storico,1,1,Private room,2,88,454,4.82,4.93,4.91,4.94,4.96,4.74,4.84,3.46,Firenze,Spring,1,shared,"43.77941, 11.25728",2024-12-15
659622,9,2012-06-01,Host,1,Centro Storico,1,1,Entire home,2,62,97,4.54,4.71,4.38,4.84,4.84,4.81,4.55,0.73,Firenze,Early Winter,1,private,"43.77926, 11.25767",2024-12-15
661521,47,2012-01-20,Superhost,7,Centro Storico,3,2,Entire home,4,241,448,4.91,4.92,4.97,4.95,4.95,4.99,4.9,3.27,Firenze,Early Winter,2,private,"43.770243184337794, 11.25558623176342",2024-12-15
891941,25,2012-12-02,Superhost,2,Campo di Marte,1,1,Private room,2,44,98,4.79,4.85,4.76,4.93,4.94,4.66,4.75,0.76,Firenze,Early Winter,1,shared,"43.78904, 11.270809",2024-12-15
892983,0,2013-01-18,Host,2,Centro Storico,3,2,Entire home,4,80,39,4.74,4.85,4.95,4.87,4.67,4.64,4.77,0.3,Firenze,Early Winter,1,private,"43.76231, 11.24135",2024-12-15
894632,9,2013-01-19,Superhost,2,Centro Storico,2,1,Entire home,4,140,60,4.85,4.8,4.68,4.8,4.82,4.98,4.88,0.48,Firenze,Early Winter,1,private,"43.76953, 11.26031",2024-12-15
667020,5,2012-08-26,Host,1,Rifredi,2,1,Entire home,4,80,99,4.9,4.95,4.86,4.93,4.92,4.59,4.78,0.72,Firenze,Early Winter,1,private,"43.79349, 11.23959",2024-12-15
901332,12,2013-01-23,Superhost,2,Isolotto Legnaia,3,2,Entire home,5,141,173,4.88,4.93,4.98,4.99,4.98,4.76,4.89,1.33,Firenze,Early Winter,1,private,"43.77049, 11.2343",2024-12-15
667172,0,2011-11-05,Host,4,Centro Storico,4,2,Entire home,5,350,6,4.33,4.67,4.83,4.83,4.67,4.5,4.17,0.05,Firenze,Early Winter,1,private,"43.77959, 11.24432",2024-12-15
901910,17,2013-01-23,Host,2,Centro Storico,6,3,Entire home,6,184,167,4.78,4.86,4.75,4.88,4.9,4.92,4.83,1.61,Firenze,Early Winter,2,private,"43.76798, 11.25907",2024-12-15
667250,0,2011-11-05,Host,4,Centro Storico,2,1,Entire home,3,225,28,4.37,4.46,4.43,4.5,4.57,4.68,4.29,0.25,Firenze,Early Winter,1,private,"43.77961, 11.24435",2024-12-15
668871,0,2012-04-23,Host,11,Centro Storico,4,2,Entire home,4,150,21,4.81,4.9,4.75,4.95,4.95,4.85,4.95,0.17,Firenze,Early Winter,1,private,"43.76997, 11.26573",2024-12-15
672264,0,2012-08-29,Host,1,Centro Storico,3,2,Entire home,3,150,54,4.56,4.65,4.83,4.81,4.78,4.72,4.6,0.42,Firenze,Early Winter,1,private,"43.77398, 11.26274",2024-12-15
904616,1,2013-01-25,Host,3,Campo di Marte,1,1,Private room,4,131,3,5,5,5,4.67,5,4.67,4.67,0.03,Firenze,Early Winter,1,private,"43.78565, 11.27199",2024-12-15
673933,28,2011-04-06,Host,44,Centro Storico,1,1,Entire home,2,122,64,4.78,4.83,4.72,4.75,4.92,4.94,4.72,0.47,Firenze,Early Winter,1,private,"43.76918, 11.26233",2024-12-15
674971,4,2012-08-31,Host,7,Gavinana Galluzzo,6,3,Entire home,12,4900,45,4.69,4.58,4.71,4.73,4.73,4.56,4.6,0.34,Firenze,Early Winter,5,private,"43.75589, 11.27877",2024-12-15
904695,20,2013-01-25,Host,5,Centro Storico,1,1,Entire home,2,70,213,4.77,4.93,4.86,4.9,4.89,4.92,4.79,1.63,Firenze,Early Winter,0,private,"43.77334, 11.2638",2024-12-15
676837,5,2011-10-09,Superhost,5,Centro Storico,2,1,Entire home,4,152,17,4.53,4.76,4.06,4.82,5,4.94,4.59,0.13,Firenze,Early Winter,1,private,"43.77109, 11.25798",2024-12-15
677061,2,2012-02-26,Superhost,10,Campo di Marte,1,1,Private room,1,66,6,4.83,4.83,4.67,5,5,4.83,4.67,0.06,Firenze,Early Winter,1,private,"43.77983, 11.27823",2024-12-15
677883,19,2017-07-14,Host,3,Campo di Marte,2,1,Entire home,3,80,154,4.86,4.88,4.83,4.9,4.94,4.77,4.84,1.13,Firenze,Early Winter,1,private,"43.79263, 11.29147",2024-12-15
691794,0,2012-09-11,Host,1,Centro Storico,1,1,Entire home,2,93,298,4.86,4.94,4.96,4.98,4.97,4.91,4.85,2.19,Firenze,Early Winter,1,private,"43.76562, 11.24831",2024-12-15
909519,0,2013-01-28,Host,3,Campo di Marte,2,1,Entire home,4,50,352,4.9,4.92,4.94,4.94,4.95,4.68,4.86,2.68,Firenze,Early Winter,1,private,"43.78949, 11.27071",2024-12-15
909920,3,2013-01-28,Host,6,Centro Storico,1,1,Entire home,3,220,57,4.72,4.77,4.75,4.85,4.7,4.93,4.65,0.43,Firenze,Early Winter,1,private,"43.77407, 11.25794",2024-12-15
702138,1,2012-09-03,Host,4,Campo di Marte,4,2,Entire home,6,140,144,4.68,4.82,4.81,4.83,4.9,4.53,4.72,1.09,Firenze,Early Winter,1,private,"43.77502, 11.28661",2024-12-15
706131,75,2012-04-27,Host,1,Isolotto Legnaia,4,2,Entire home,5,73,425,4.74,4.74,4.65,4.92,4.95,4.74,4.75,3.11,Firenze,Early Winter,2,private,"43.77048, 11.21016",2024-12-15
710931,0,2012-07-27,Host,12,Centro Storico,2,1,Entire home,2,150,366,4.76,4.85,4.84,4.91,4.91,4.91,4.76,2.69,Firenze,Spring,1,private,"43.7696, 11.25956",2024-12-15
711673,0,2012-06-20,Host,16,Centro Storico,1,1,Private room,3,235,258,4.6,4.72,4.72,4.86,4.9,4.77,4.65,1.9,Firenze,Early Winter,1,shared,"43.77604, 11.25313",2024-12-15
719739,0,2012-09-30,Host,1,Centro Storico,2,1,Entire home,2,80,40,4.65,4.73,4.78,4.98,4.88,4.95,4.78,0.31,Firenze,Early Winter,1,private,"43.76356, 11.26014",2024-12-15
910167,0,2013-01-28,Superhost,2,Centro Storico,1,,Entire home,2,95,193,4.69,4.88,4.91,4.73,4.8,4.68,4.64,1.48,Firenze,Early Winter,1,private,"43.77309, 11.26996",2024-12-15
912119,5,2013-01-29,Host,1,Gavinana Galluzzo,1,1,Private room,2,126,35,4.46,4.63,4.86,4.54,4.74,4.43,4.38,0.3,Firenze,Early Winter,1,private,"43.7631, 11.27331",2024-12-15
719790,16,2012-09-19,Superhost,3,Campo di Marte,2,1,Entire home,4,90,141,4.83,4.86,4.64,4.84,4.91,4.73,4.83,1.03,Firenze,Spring,1,private,"43.79593, 11.27576",2024-12-15
920684,16,2013-02-03,Superhost,1,Campo di Marte,2,1,Entire home,2,70,19,4.94,4.95,4.79,5,4.89,4.79,4.95,0.15,Firenze,Early Winter,1,private,"43.768188, 11.280609",2024-12-15
720068,35,2012-09-30,Host,1,Centro Storico,1,1,Entire home,2,132,212,4.64,4.65,4.69,4.75,4.75,4.98,4.57,1.62,Firenze,Early Winter,1,private,"43.77088, 11.26102",2024-12-15
930692,5,2013-02-08,Superhost,4,Centro Storico,4,2,Entire home,4,171,73,4.62,4.74,4.59,4.82,4.84,4.78,4.64,0.58,Firenze,Early Winter,2,private,"43.77353, 11.26398",2024-12-15
720090,22,2012-09-19,Superhost,3,Campo di Marte,2,1,Entire home,4,90,130,4.71,4.78,4.64,4.8,4.78,4.79,4.81,0.97,Firenze,Summer,1,private,"43.79036, 11.27279",2024-12-15
728295,1,2010-06-07,Host,6,Centro Storico,1,1,Hotel room,2,73,22,4.75,4.91,4.91,4.95,4.86,4.7,4.57,0.17,Firenze,Early Winter,1,private,"43.76292, 11.2434",2024-12-15
728368,9,2012-10-06,Host,6,Centro Storico,5,3,Entire home,6,272,119,4.69,4.82,4.83,4.82,4.85,4.9,4.67,0.91,Firenze,Early Winter,1,private,"43.77581, 11.25353",2024-12-15
930864,5,2013-02-08,Superhost,2,Centro Storico,3,2,Entire home,3,150,15,5,4.87,4.93,5,5,4.93,4.87,0.12,Firenze,Early Winter,2,private,"43.7724, 11.25123",2024-12-15
728490,0,2012-10-06,Host,6,Centro Storico,2,1,Entire home,4,165,89,4.78,4.85,4.87,4.81,4.94,4.97,4.69,0.69,Firenze,Early Winter,1,private,"43.77505, 11.25313",2024-12-15
931211,46,2013-02-08,Host,1,Centro Storico,1,1,Entire home,2,84,234,4.61,4.78,4.5,4.86,4.84,4.92,4.62,1.8,Firenze,Summer,2,private,"43.77295, 11.25992",2024-12-15
932192,18,2013-01-12,Superhost,1,Centro Storico,1,1,Entire home,2,268,100,4.91,4.94,4.89,4.96,4.93,4.97,4.85,0.79,Firenze,Early Winter,1,private,"43.77146788002116, 11.25956705250394",2024-12-15
728975,0,2012-10-07,Host,2,Campo di Marte,3,2,Entire home,4,46,127,4.78,4.92,4.91,4.87,4.91,4.52,4.83,0.97,Firenze,Early Winter,1,private,"43.76608, 11.28247",2024-12-15
735370,30,2012-10-11,Superhost,2,Centro Storico,8,3,Entire home,10,264,303,4.72,4.77,4.7,4.82,4.87,4.89,4.72,2.3,Firenze,Early Winter,3,private,"43.77669, 11.26189",2024-12-15
932606,0,2013-02-08,Host,1,Campo di Marte,2,1,Entire home,2,200,1,5,5,5,5,5,5,5,0.01,Firenze,Early Winter,1,private,"43.77525, 11.29704",2024-12-15
742048,99,2012-06-19,Superhost,3,Centro Storico,3,2,Private room,3,75,317,4.8,4.83,4.88,4.89,4.94,4.83,4.77,2.34,Firenze,Early Winter,2,private,"43.77422, 11.25057",2024-12-15
744515,0,2012-10-17,Host,1,Centro Storico,2,1,Entire home,4,130,322,4.75,4.84,4.52,4.89,4.9,4.9,4.8,2.38,Firenze,Autumn,2,private,"43.76776, 11.24238",2024-12-15
748041,40,2012-10-05,Superhost,4,Centro Storico,1,1,Entire home,2,80,78,4.65,4.6,4.65,4.76,4.67,4.95,4.64,2.71,Firenze,Early Winter,1,private,"43.76961, 11.25655",2024-12-15
933604,15,2012-11-17,Host,8,Centro Storico,1,1,Entire home,2,83,85,4.52,4.72,4.61,4.85,4.88,4.8,4.56,0.66,Firenze,Early Winter,1,private,"43.77883, 11.25517",2024-12-15
749149,17,2012-10-21,Host,1,Centro Storico,2,1,Entire home,3,75,176,4.86,4.93,4.95,4.97,4.94,4.66,4.76,1.3,Firenze,Early Winter,1,private,"43.77826, 11.23936",2024-12-15
751241,55,2012-10-23,Host,3,Campo di Marte,2,1,Private room,3,38,400,4.6,4.79,4.73,4.63,4.64,4.44,4.63,2.95,Firenze,Early Winter,1,private,"43.78793, 11.27063",2024-12-15
933695,23,2012-11-17,Host,8,Centro Storico,1,1,Entire home,2,83,188,4.54,4.72,4.63,4.81,4.87,4.85,4.55,1.45,Firenze,Early Winter,1,private,"43.77883, 11.25517",2024-12-15
753719,14,2012-10-24,Superhost,2,Centro Storico,3,2,Entire home,4,194,40,4.78,4.83,4.73,4.93,4.98,4.98,4.7,0.35,Firenze,Early Winter,1,private,"43.77763, 11.25865",2024-12-15
754931,0,2012-06-20,Host,16,Centro Storico,1,1,Private room,4,325,177,4.62,4.74,4.61,4.84,4.88,4.79,4.64,1.34,Firenze,Early Winter,1,shared,"43.77551, 11.25177",2024-12-15
755095,17,2011-11-16,Superhost,2,Centro Storico,2,1,Entire home,2,160,137,4.9,4.95,4.93,4.95,4.96,4.93,4.85,1.07,Firenze,Early Winter,1,private,"43.77329, 11.26305",2024-12-15
766781,24,2012-11-02,Superhost,2,Gavinana Galluzzo,2,1,Entire home,4,101,154,4.82,4.86,4.76,4.94,4.93,4.56,4.74,1.21,Firenze,Early Winter,1,private,"43.76133, 11.28401",2024-12-15
935489,54,2013-02-11,Host,4,Centro Storico,3,2,Entire home,5,137,325,4.55,4.7,4.59,4.81,4.84,4.79,4.56,2.54,Firenze,Early Winter,1,private,"43.77596, 11.26542",2024-12-15
769115,68,2012-11-07,Superhost,4,Centro Storico,3,2,Entire home,4,117,537,4.84,4.88,4.81,4.97,4.96,4.95,4.88,4,Firenze,Early Winter,1,private,"43.7731, 11.25701",2024-12-15
935632,0,2013-02-11,Host,3,Centro Storico,1,1,Entire home,3,259,19,4.79,4.89,4.84,4.67,4.74,4.83,4.67,0.15,Firenze,Early Winter,2,private,"43.76788, 11.2664",2024-12-15
771929,12,2012-05-15,Host,34,Centro Storico,3,2,Entire home,4,187,58,4.84,4.91,4.84,4.88,4.93,4.95,4.79,0.47,Firenze,Early Winter,1,private,"43.77037, 11.26103",2024-12-15
773437,0,2012-11-07,Host,2,Rifredi,5,3,Entire home,7,90,320,4.72,4.86,4.76,4.9,4.89,4.6,4.73,2.51,Firenze,Early Winter,1,private,"43.7877, 11.25538",2024-12-15
783317,11,2011-01-18,Superhost,10,Centro Storico,1,1,Entire home,2,84,305,4.84,4.88,4.87,4.94,4.93,4.97,4.85,2.4,Firenze,Early Winter,1,private,"43.77317, 11.25898",2024-12-15
936084,5,2013-02-11,Host,3,Campo di Marte,2,1,Entire home,4,120,35,4.86,4.7,4.76,4.94,4.94,4.82,4.82,0.27,Firenze,Early Winter,1,private,"43.78016, 11.31011",2024-12-15
784776,3,2012-11-13,Host,1,Centro Storico,1,1,Private room,2,85,287,4.83,4.89,4.93,4.9,4.92,4.67,4.83,2.22,Firenze,Autumn,1,private,"43.78017, 11.24449",2024-12-15
936624,8,2013-02-12,Superhost,2,Centro Storico,2,1,Entire home,3,80,59,4.75,4.84,4.77,4.96,4.93,4.95,4.74,0.45,Firenze,Early Winter,1,private,"43.76719, 11.24216",2024-12-15
938911,12,2012-07-23,Superhost,19,Centro Storico,8,3,Entire home,8,159,234,4.79,4.79,4.8,4.93,4.94,4.91,4.82,1.78,Firenze,Early Winter,2,private,"43.77306, 11.24678",2024-12-15
786911,4,2012-11-14,Host,10,Centro Storico,1,1,Private room,2,79,34,4.21,3.85,4.21,4.61,4.79,4.7,4.03,0.27,Firenze,Early Winter,1,private,"43.77779, 11.25159",2024-12-15
940779,24,2013-02-14,Superhost,2,Centro Storico,3,,Entire home,5,179,39,4.97,5,4.97,4.95,4.97,4.95,4.87,0.3,Firenze,Early Winter,1,private,"43.76841735839844, 11.258137702941896",2024-12-15
946536,22,2011-04-06,Host,44,Centro Storico,2,1,Entire home,3,173,152,4.75,4.87,4.81,4.84,4.89,4.89,4.78,1.19,Firenze,Early Winter,2,private,"43.77036, 11.25608",2024-12-15
789586,12,2012-11-15,Host,4,Campo di Marte,3,2,Entire home,5,120,66,4.76,4.88,4.65,4.98,4.95,4.74,4.77,0.59,Firenze,Early Winter,1,private,"43.77611, 11.27172",2024-12-15
792117,2,2012-11-14,Host,10,Centro Storico,1,1,Private room,2,87,92,4.2,4.18,4.51,4.82,4.69,4.6,4.2,0.7,Firenze,Early Winter,1,private,"43.77945, 11.25338",2024-12-15
948526,49,2013-02-08,Superhost,4,Centro Storico,5,3,Entire home,5,171,314,4.87,4.91,4.83,4.93,4.97,4.92,4.83,2.47,Firenze,Early Winter,2,private,"43.77191, 11.2651",2024-12-15
951207,3,2013-01-28,Host,6,Campo di Marte,2,1,Entire home,4,150,29,4.38,4.75,4.55,4.69,4.61,4.24,4.24,0.22,Firenze,Early Winter,1,private,"43.76728, 11.28376",2024-12-15
954185,14,2013-01-19,Superhost,2,Centro Storico,3,2,Entire home,5,160,192,4.75,4.79,4.84,4.89,4.93,4.9,4.81,1.47,Firenze,Early Winter,1,private,"43.77755, 11.25403",2024-12-15
792963,1,2012-11-14,Host,10,Centro Storico,3,2,Private room,3,114,38,4.58,4.74,4.74,4.86,4.71,4.78,4.51,0.33,Firenze,Early Winter,1,private,"43.77749, 11.25253",2024-12-15
792968,13,2018-03-21,Host,2,Centro Storico,3,2,Entire home,3,134,25,4.69,4.65,4.92,4.88,4.88,4.96,4.58,0.24,Firenze,Early Winter,1,private,"43.7739, 11.24752",2024-12-15
954421,1,2013-02-22,Host,1,Centro Storico,2,1,Entire home,4,85,10,4.9,4.8,4.7,4.6,4.3,4.33,4.6,0.08,Firenze,Early Winter,2,private,"43.76767, 11.2431",2024-12-15
792969,1,2012-11-14,Host,10,Centro Storico,4,2,Private room,3,106,32,4.38,4.55,4.61,4.81,4.77,4.65,4.35,0.25,Firenze,Early Winter,1,shared,"43.77953, 11.25352",2024-12-15
798291,23,2012-11-20,Superhost,1,Centro Storico,3,2,Entire home,6,160,268,4.82,4.88,4.93,4.93,4.89,4.85,4.82,2.01,Firenze,Early Winter,2,private,"43.77838, 11.25357",2024-12-15
955696,35,2013-02-23,Superhost,5,Centro Storico,3,2,Entire home,6,200,247,4.91,4.96,4.94,4.96,4.97,4.94,4.89,1.92,Firenze,Early Winter,2,private,"43.76759, 11.25253",2024-12-15
957267,32,2011-09-20,Superhost,48,Centro Storico,4,2,Entire home,6,372,449,4.85,4.92,4.89,4.94,4.96,4.98,4.82,3.44,Firenze,Early Winter,2,private,"43.7716, 11.25656",2024-12-15
800948,39,2012-11-22,Superhost,1,Centro Storico,2,1,Entire home,4,171,335,4.8,4.87,4.78,4.92,4.97,4.93,4.78,2.57,Firenze,Early Winter,1,private,"43.76615, 11.25612",2024-12-15
959341,0,2013-02-25,Host,1,Centro Storico,2,1,Entire home,4,150,19,4.89,4.95,4.79,4.84,4.95,5,4.84,0.15,Firenze,Early Winter,2,private,"43.76617, 11.24689",2024-12-15
810417,21,2012-11-27,Superhost,1,Isolotto Legnaia,3,2,Entire home,4,92,123,4.82,4.88,4.96,4.88,4.83,4.7,4.78,0.95,Firenze,Early Winter,1,private,"43.77599, 11.22245",2024-12-15
812001,34,2012-11-28,Superhost,9,Centro Storico,3,2,Entire home,5,276,215,4.93,4.97,4.94,4.96,4.97,4.94,4.89,1.93,Firenze,Early Winter,2,private,"43.76811, 11.24994",2024-12-15
822952,0,2012-12-04,Host,1,Centro Storico,1,1,Entire home,2,150,149,4.84,4.77,4.89,4.91,4.95,4.96,4.84,1.19,Firenze,Early Winter,1,private,"43.75934, 11.25398",2024-12-15
831111,0,2011-12-22,Host,13,Gavinana Galluzzo,2,1,Entire home,2,120,1,1,1,2,4,2,1,1,0.01,Firenze,Early Winter,1,private,"43.7516, 11.23968",2024-12-15
964355,17,2013-02-27,Superhost,4,Centro Storico,1,1,Entire home,2,54,55,4.8,4.82,4.85,4.8,4.81,4.89,4.69,0.43,Firenze,Early Winter,1,private,"43.76491, 11.24544",2024-12-15
965858,2,2013-01-25,Host,3,Campo di Marte,1,1,Private room,2,107,3,4.67,4.67,4.67,4.67,5,4.67,4,0.06,Firenze,Early Winter,1,private,"43.78508, 11.27206",2024-12-15
967238,65,2013-02-09,Superhost,6,Centro Storico,1,1,Entire home,2,131,368,4.72,4.81,4.9,4.75,4.83,4.95,4.7,2.82,Firenze,Early Winter,1,private,"43.77147, 11.25768",2024-12-15
844812,0,2012-11-15,Host,160,Centro Storico,2,1,Entire home,4,297,4,4.75,4.5,4.5,4.75,4.75,5,4.5,0.2,Firenze,Early Winter,2,private,"43.76719, 11.24919",2024-12-15
967481,16,2012-09-09,Superhost,1,Centro Storico,1,1,Entire home,4,150,56,4.93,4.94,4.93,4.93,4.96,4.94,4.93,0.45,Firenze,Early Winter,2,private,"43.76883, 11.24711",2024-12-15
847504,17,2012-03-30,Superhost,2,Centro Storico,2,1,Entire home,3,71,78,4.77,4.73,4.6,4.92,4.87,4.88,4.72,0.58,Firenze,Early Winter,2,private,"43.77423, 11.26365",2024-12-15
968726,0,2012-12-02,Host,3,Centro Storico,1,1,Private room,2,55,47,4.77,4.89,4.77,4.96,4.96,4.91,4.73,0.47,Firenze,Early Winter,1,private,"43.76855, 11.26594",2024-12-15
851013,7,2012-12-19,Superhost,3,Centro Storico,1,1,Private room,2,50,39,4.69,4.79,4.19,4.97,4.97,4.92,4.79,0.46,Firenze,Early Winter,1,shared,"43.77335, 11.25991",2024-12-15
972326,0,2013-03-04,Host,3,Centro Storico,2,1,Entire home,2,44,5,4.2,4.4,4.2,4.8,4,4.8,4,0.04,Firenze,Early Winter,1,private,"43.7753, 11.24632",2024-12-15
972668,0,2013-03-04,Host,3,Centro Storico,3,2,Entire home,4,111,2,5,5,5,4,4.5,4,4.5,0.02,Firenze,Early Winter,1,private,"43.77443, 11.24554",2024-12-15
857987,1,2012-06-20,Host,16,Centro Storico,1,1,Private room,3,205,132,4.44,4.4,4.51,4.75,4.83,4.73,4.53,1.01,Firenze,Early Winter,1,private,"43.77604, 11.25313",2024-12-15
974560,22,2013-03-05,Superhost,2,Centro Storico,2,1,Entire home,4,116,194,4.89,4.9,4.94,4.88,4.93,4.95,4.9,1.49,Firenze,Early Winter,1,private,"43.77324, 11.2637",2024-12-15
974817,0,2013-03-04,Host,3,Centro Storico,5,3,Entire home,8,187,2,5,5,5,5,5,4.5,5,0.02,Firenze,Early Winter,2,private,"43.7734, 11.24471",2024-12-15
859292,14,2012-12-26,Host,1,Centro Storico,1,1,Entire home,2,85,79,4.6,4.66,4.7,4.75,4.87,4.91,4.57,0.61,Firenze,Early Winter,1,private,"43.77069091796875, 11.250544548034668",2024-12-15
977277,58,2012-11-28,Superhost,9,Centro Storico,2,1,Entire home,4,140,382,4.93,4.93,4.95,4.95,4.97,4.99,4.88,3.63,Firenze,Early Winter,1,private,"43.77268, 11.25397",2024-12-15
977369,36,2012-11-28,Superhost,9,Centro Storico,1,1,Entire home,2,120,294,4.9,4.9,4.95,4.96,4.96,4.99,4.87,2.74,Firenze,Early Winter,1,private,"43.76941, 11.25496",2024-12-15
862287,0,2012-12-16,Host,1,Rifredi,1,1,Entire home,2,70,32,4.61,4.81,4.77,4.58,4.63,4,4.61,0.25,Firenze,Early Winter,2,private,"43.79512, 11.16823",2024-12-15
979819,11,2013-03-07,Superhost,4,Centro Storico,2,1,Entire home,3,155,20,4.95,4.95,4.85,4.95,4.9,4.95,4.85,0.7,Firenze,Early Winter,1,private,"43.76585, 11.24512",2024-12-15
862480,0,2012-11-15,Host,160,Centro Storico,2,1,Entire home,4,250,7,4.43,4.57,4.57,4.86,4.71,4.71,4.43,0.05,Firenze,Early Winter,1,private,"43.77089, 11.261",2024-12-15
979828,12,2013-03-07,Superhost,4,Centro Storico,2,1,Entire home,4,134,20,4.9,4.9,4.7,4.95,5,4.7,4.75,0.27,Firenze,Early Winter,1,private,"43.76446, 11.24574",2024-12-15
1086581,8,2013-04-14,Host,7,Centro Storico,4,2,Entire home,5,193,27,4.78,4.89,4.85,4.88,4.78,4.76,4.73,0.21,Firenze,Early Winter,1,private,"43.784721, 11.241201",2024-12-15
980234,47,2012-07-20,Host,1,Centro Storico,5,3,Entire home,3,139,526,4.19,4.48,4.03,4.59,4.56,4.65,4.26,4.13,Firenze,Early Winter,1,private,"43.77712769062199, 11.240549793925926",2024-12-15
1086689,37,2011-09-27,Superhost,6,Centro Storico,4,2,Entire home,5,185,233,4.92,4.94,4.94,4.95,4.92,4.93,4.85,2.23,Firenze,Early Winter,1,private,"43.77453, 11.26044",2024-12-15
981019,26,2013-03-08,Superhost,1,Centro Storico,1,1,Entire home,2,100,185,4.81,4.89,4.84,4.91,4.92,4.94,4.76,1.48,Firenze,Early Winter,1,private,"43.76766, 11.25167",2024-12-15
1090833,16,2013-02-05,Superhost,2,Centro Storico,2,1,Entire home,6,450,154,4.99,4.99,4.99,4.97,4.99,5,4.91,1.2,Firenze,Early Winter,3,private,"43.76868, 11.25316",2024-12-15
983366,1,2013-03-09,Host,3,Centro Storico,8,3,Entire home,7,137,64,4.53,4.67,4.34,4.84,4.76,4.94,4.66,0.49,Firenze,Early Winter,2,private,"43.77002, 11.25717",2024-12-15
1091533,4,2013-04-19,Host,3,Centro Storico,2,1,Entire home,4,100,21,4.95,4.9,4.76,5,4.9,5,4.9,0.27,Firenze,Early Winter,1,private,"43.76365, 11.25967",2024-12-15
983657,59,2017-12-28,Superhost,19,Centro Storico,1,1,Private room,2,44,373,4.8,4.85,4.84,4.96,4.96,4.65,4.82,2.86,Firenze,Early Winter,1,private,"43.77936, 11.23999",2024-12-15
1094826,6,2013-04-19,Host,4,Rifredi,1,1,Private room,2,30,118,4.51,4.67,4.16,4.87,4.88,4.56,4.6,0.91,Firenze,Early Winter,1,shared,"43.7858, 11.25113",2024-12-15
985180,0,2012-08-20,Host,127,Centro Storico,2,1,Entire home,4,400,41,4.68,4.67,4.83,4.71,4.78,4.95,4.65,0.35,Firenze,Early Winter,2,private,"43.76634, 11.25177",2024-12-15
1097100,25,2012-12-25,Superhost,1,Centro Storico,1,1,Entire home,6,96,47,4.7,4.85,4.87,4.77,4.89,4.6,4.68,0.36,Firenze,Early Winter,1,private,"43.76346, 11.24288",2024-12-15
1103234,63,2013-04-03,Superhost,3,Centro Storico,2,1,Entire home,3,77,569,4.85,4.93,4.87,4.96,4.95,4.92,4.85,4.4,Firenze,Early Winter,1,private,"43.77196, 11.26362",2024-12-15
989148,2,2013-03-12,Superhost,7,Centro Storico,1,,Entire home,4,238,57,4.81,4.62,4.91,4.96,4.93,4.96,4.56,0.44,Firenze,Early Winter,1,private,"43.77014, 11.25045",2024-12-15
991918,4,2017-12-28,Superhost,19,Centro Storico,4,2,Entire home,6,180,25,4.68,4.72,4.6,4.84,4.92,4.64,4.6,0.19,Firenze,Early Winter,3,private,"43.78081, 11.2402",2024-12-15
1108763,16,2013-02-27,Superhost,4,Centro Storico,1,1,Entire home,2,72,50,4.82,4.82,4.88,4.84,4.72,4.98,4.74,0.39,Firenze,Early Winter,2,private,"43.76451, 11.24497",2024-12-15
995028,26,2019-01-21,Host,59,Centro Storico,1,1,Entire home,2,52,265,4.4,4.49,4.71,4.65,4.58,4.91,4.52,2.03,Firenze,Early Winter,1,private,"43.77120971679688, 11.256562232971191",2024-12-15
1112701,19,2012-10-14,Superhost,4,Centro Storico,2,1,Entire home,4,157,127,4.82,4.83,4.77,4.85,4.87,4.92,4.79,0.98,Firenze,Early Winter,1,private,"43.76533, 11.25817",2024-12-15
998704,0,2013-03-16,Host,2,Rifredi,1,1,Entire home,2,70,27,4.81,4.62,4.85,5,4.96,4.65,4.81,0.22,Firenze,Early Winter,1,private,"43.79022, 11.25304",2024-12-15
1116156,0,2013-04-28,Host,2,Campo di Marte,4,2,Entire home,7,100,71,4.34,4.51,4.38,4.44,4.46,4.22,4.26,0.62,Firenze,Early Winter,1,private,"43.79252, 11.26684",2024-12-15
999365,44,2017-12-28,Superhost,19,Centro Storico,2,1,Private room,2,39,251,4.71,4.78,4.72,4.9,4.94,4.57,4.7,1.94,Firenze,Early Winter,1,private,"43.77975, 11.24028",2024-12-15
1125472,12,2011-10-09,Superhost,5,Centro Storico,2,1,Private room,3,149,17,4.76,4.76,4.47,5,4.82,5,4.65,0.16,Firenze,Early Winter,1,shared,"43.77109, 11.25798",2024-12-15
1000706,0,2013-03-17,Host,1,Gavinana Galluzzo,1,1,Private room,1,108,46,4.4,4.44,4.24,4.64,4.62,4.18,4.38,0.36,Firenze,Early Winter,1,shared,"43.75536, 11.28939",2024-12-15
1126162,20,2013-05-01,Host,6,Centro Storico,1,1,Entire home,4,80,202,4.76,4.88,4.77,4.85,4.87,4.93,4.79,1.57,Firenze,Early Winter,3,private,"43.76878, 11.24888",2024-12-15
1003212,9,2013-03-18,Host,10,Centro Storico,5,3,Entire home,6,165,61,4.66,4.72,4.8,4.85,4.83,4.92,4.66,0.47,Firenze,Early Winter,2,private,"43.77112, 11.24316",2024-12-15
1009035,70,2012-07-27,Host,12,Centro Storico,2,1,Entire home,3,150,726,4.85,4.87,4.81,4.94,4.95,4.98,4.83,5.57,Firenze,Early Winter,1,private,"43.76988, 11.25262",2024-12-15
1136735,9,2012-07-27,Superhost,5,Centro Storico,2,1,Entire home,3,200,248,4.84,4.91,4.91,4.88,4.96,4.89,4.81,1.95,Firenze,Early Winter,1,private,"43.76975, 11.2453",2024-12-15
1139013,18,2013-05-06,Superhost,1,Centro Storico,4,2,Entire home,4,82,115,4.89,4.88,4.96,4.92,4.89,4.87,4.95,0.9,Firenze,Early Winter,1,private,"43.76296, 11.24392",2024-12-15
1010958,34,2013-03-21,Host,2,Centro Storico,2,1,Entire home,2,93,372,4.58,4.64,4.79,4.78,4.82,4.81,4.59,2.86,Firenze,Early Winter,1,private,"43.77714920043945, 11.253080368041992",2024-12-15
1149012,0,2012-07-27,Host,12,Centro Storico,1,1,Entire home,4,150,178,4.77,4.8,4.88,4.89,4.91,4.94,4.8,1.38,Firenze,Early Winter,1,private,"43.76738, 11.25255",2024-12-15
1149459,3,2013-05-09,Host,2,Centro Storico,1,1,Entire home,2,54,59,4.44,4.41,4.39,4.76,4.69,4.9,4.39,0.46,Firenze,Early Winter,1,private,"43.76922, 11.26052",2024-12-15
1012904,0,2013-03-22,Superhost,18,Centro Storico,1,1,Entire home,2,80,29,4.5,4.45,4.41,4.52,4.45,5,4.45,0.23,Firenze,Early Winter,1,private,"43.77482, 11.25873",2024-12-15
1015270,11,2013-01-02,Host,10,Gavinana Galluzzo,5,3,Entire home,8,273,48,4.58,4.56,4.29,4.83,4.71,4.65,4.43,0.43,Firenze,Early Winter,3,private,"43.75432, 11.29922",2024-12-15
1152231,23,2013-05-10,Host,2,Gavinana Galluzzo,1,1,Entire home,2,95,228,4.15,4.4,4.18,4.57,4.49,4.4,4.32,1.83,Firenze,Early Winter,2,private,"43.75099, 11.26475",2024-12-15
1017656,37,2013-03-27,Superhost,4,Centro Storico,2,1,Entire home,4,113,315,4.85,4.9,4.9,4.92,4.84,4.96,4.8,2.44,Firenze,Early Winter,1,private,"43.769047, 11.259574",2024-12-15
1155608,0,2013-05-11,Host,1,Centro Storico,2,1,Entire home,3,62,66,4.72,4.73,4.84,4.91,4.92,4.91,4.69,0.51,Firenze,Early Winter,1,private,"43.76484, 11.24504",2024-12-15
1023515,6,2013-03-15,Superhost,7,Isolotto Legnaia,4,2,Entire home,6,141,79,4.89,4.85,4.85,4.82,4.89,4.67,4.72,0.99,Firenze,Early Winter,1,private,"43.76726, 11.23784",2024-12-15
1023595,32,2013-03-15,Superhost,7,Campo di Marte,1,1,Entire home,8,140,169,4.89,4.92,4.92,4.99,4.96,4.54,4.8,1.62,Firenze,Early Winter,2,private,"43.76759, 11.28741",2024-12-15
1158409,1,2012-05-28,Host,1,Rifredi,3,2,Entire home,4,90,204,4.69,4.84,4.64,4.72,4.84,4.44,4.67,1.61,Firenze,Early Winter,2,private,"43.78415, 11.24711",2024-12-15
1029108,16,2013-03-28,Superhost,3,Centro Storico,5,3,Entire home,6,191,204,4.93,4.92,4.99,4.96,4.99,4.98,4.93,1.58,Firenze,Early Winter,2,private,"43.77579, 11.25545",2024-12-15
1030966,8,2010-06-07,Host,6,Centro Storico,1,1,Hotel room,2,73,111,4.86,4.77,4.88,4.83,4.88,4.74,4.77,0.85,Firenze,Early Winter,1,private,"43.76116, 11.24194",2024-12-15
1168943,95,2013-05-15,Host,5,Centro Storico,2,1,Private room,4,39,612,4.6,4.69,4.68,4.84,4.81,4.91,4.67,4.79,Firenze,Early Winter,1,private,"43.77721, 11.25876",2024-12-15
1033613,86,2012-10-11,Superhost,2,Centro Storico,1,1,Entire home,4,97,382,4.79,4.82,4.85,4.9,4.93,4.88,4.78,3.03,Firenze,Early Winter,1,private,"43.775276, 11.246008",2024-12-15
1168971,60,2013-05-15,Host,5,Centro Storico,2,1,Private room,3,38,422,4.59,4.74,4.75,4.82,4.84,4.92,4.66,3.63,Firenze,Early Winter,1,private,"43.77729, 11.25883",2024-12-15
1169634,2,2012-10-20,Host,4,Centro Storico,4,2,Entire home,5,421,11,4.55,5,4.64,5,5,5,4.55,0.1,Firenze,Early Winter,2,private,"43.76718, 11.24831",2024-12-15
1035657,0,2013-03-09,Host,3,Centro Storico,2,1,Entire home,4,85,11,4.73,4.64,4.55,4.91,4.82,4.82,4.73,0.09,Firenze,Early Winter,1,private,"43.76043, 11.24279",2024-12-15
1171095,17,2013-05-15,Superhost,3,Campo di Marte,7,3,Entire home,10,131,147,4.74,4.77,4.86,4.85,4.86,4.54,4.7,1.15,Firenze,Early Winter,3,private,"43.765811920166016, 11.28070831298828",2024-12-15
1039378,1,2013-04-01,Host,1,Isolotto Legnaia,3,2,Entire home,4,85,30,4.7,4.81,5,4.9,4.97,4.45,4.74,0.23,Firenze,Early Winter,1,private,"43.76404, 11.21629",2024-12-15
1172727,58,2013-03-22,Superhost,18,Centro Storico,2,1,Entire home,4,169,326,4.87,4.93,4.87,4.86,4.86,4.96,4.81,2.57,Firenze,Early Winter,1,private,"43.77494, 11.2571",2024-12-15
1043949,6,2013-04-03,Host,1,Gavinana Galluzzo,1,1,Entire home,2,80,122,4.66,4.77,4.65,4.82,4.77,4.64,4.67,0.96,Firenze,Early Winter,1,private,"43.74163, 11.27289",2024-12-15
1172945,74,2013-03-22,Superhost,18,Centro Storico,2,1,Entire home,4,148,385,4.76,4.86,4.87,4.84,4.82,4.96,4.82,3.02,Firenze,Early Winter,1,private,"43.77347, 11.25658",2024-12-15
1173724,0,2013-05-16,Host,3,Rifredi,2,1,Private room,2,95,36,4.92,4.91,4.97,4.94,4.91,4.67,4.94,0.31,Firenze,Early Winter,1,private,"43.78579, 11.26164",2024-12-15
1053434,50,2012-11-07,Host,3,Centro Storico,2,1,Entire home,3,53,547,4.49,4.61,4.59,4.88,4.87,4.88,4.6,4.21,Firenze,Early Winter,1,private,"43.76845, 11.26277",2024-12-15
1057727,19,2019-01-21,Host,59,Centro Storico,2,1,Entire home,4,240,149,4.29,4.45,4.55,4.59,4.6,4.9,4.38,1.15,Firenze,Early Winter,1,private,"43.76823043823242, 11.257267951965332",2024-12-15
1058947,14,2012-02-20,Superhost,4,Centro Storico,3,2,Entire home,4,167,82,4.92,4.95,4.98,4.95,4.9,4.93,4.89,0.63,Firenze,Early Winter,2,private,"43.77235, 11.24586",2024-12-15
1175751,76,2013-05-17,Superhost,3,Centro Storico,2,1,Entire home,4,47,546,4.66,4.78,4.74,4.83,4.72,4.81,4.7,4.28,Firenze,Early Winter,2,private,"43.76374, 11.26201",2024-12-15
1185874,35,2013-05-20,Superhost,1,Campo di Marte,1,1,Entire home,2,56,56,4.8,4.89,4.86,4.91,4.95,4.73,4.77,0.44,Firenze,Early Winter,1,private,"43.78244, 11.27653",2024-12-15
1061854,22,2013-04-09,Superhost,3,Centro Storico,3,2,Entire home,4,148,123,4.97,4.97,5,5,5,4.98,4.94,1,Firenze,Early Winter,2,private,"43.76876898260668, 11.26297236894318",2024-12-15
1189665,44,2013-05-20,Superhost,2,Centro Storico,2,1,Entire home,4,139,87,4.74,4.76,4.62,4.94,4.98,4.82,4.68,0.68,Firenze,Early Winter,1,private,"43.76186, 11.24474",2024-12-15
1063025,2,2013-04-09,Host,2,Gavinana Galluzzo,2,1,Private room,2,90,23,4.87,4.86,4.95,4.95,4.95,4.59,4.91,0.19,Firenze,Early Winter,1,private,"43.75364, 11.24287",2024-12-15
1066651,23,2012-08-20,Host,127,Centro Storico,2,1,Entire home,4,98,180,4.52,4.58,4.4,4.68,4.68,4.93,4.55,1.39,Firenze,Early Winter,1,private,"43.7664, 11.25431",2024-12-15
1072296,30,2013-04-14,Superhost,2,Centro Storico,3,2,Entire home,5,151,366,4.64,4.74,4.65,4.87,4.92,4.91,4.66,2.84,Firenze,Early Winter,1,private,"43.76722, 11.2464",2024-12-15
1192914,0,2013-05-22,Host,1,Campo di Marte,3,2,Entire home,3,79,408,4.62,4.7,4.52,4.91,4.93,4.69,4.66,3.18,Firenze,Early Winter,1,private,"43.78396, 11.26063",2024-12-15
1076461,3,2013-04-14,Host,7,Centro Storico,6,3,Entire home,6,136,31,4.9,4.94,5,5,5,4.77,4.93,0.24,Firenze,Early Winter,1,private,"43.785046, 11.241426",2024-12-15
1079923,30,2013-04-15,Superhost,1,Centro Storico,3,2,Entire home,5,110,191,4.91,4.93,4.95,4.97,4.98,4.9,4.89,1.49,Firenze,Early Winter,2,private,"43.77188, 11.26807",2024-12-15
1193632,30,2011-01-18,Superhost,10,Centro Storico,1,1,Entire home,2,92,358,4.88,4.86,4.86,4.91,4.95,4.97,4.8,2.82,Firenze,Early Winter,1,private,"43.77327, 11.25835",2024-12-15
1195805,17,2013-05-23,Superhost,3,Campo di Marte,1,1,Private room,2,40,281,4.96,4.96,4.94,5,4.99,4.68,4.92,2.21,Firenze,Early Winter,1,shared,"43.77341, 11.29453",2024-12-15
1080048,0,2013-04-15,Host,1,Centro Storico,1,1,Entire home,3,75,593,4.61,4.8,4.6,4.66,4.76,4.92,4.72,4.59,Firenze,Early Winter,1,private,"43.77363, 11.25082",2024-12-15
1080199,44,2013-04-11,Superhost,2,Centro Storico,4,2,Entire home,7,279,354,4.81,4.83,4.79,4.93,4.93,4.95,4.8,2.75,Firenze,Early Winter,2,private,"43.77644, 11.25994",2024-12-15
1199608,7,2013-05-24,Superhost,1,Centro Storico,1,1,Entire home,2,154,47,4.85,4.91,4.96,4.84,4.93,4.89,4.74,0.37,Firenze,Early Winter,1,private,"43.768379, 11.241025",2024-12-15
1371627,31,2013-07-14,Superhost,21,Centro Storico,2,1,Entire home,4,304,330,4.95,4.98,4.98,4.99,4.98,4.99,4.9,2.62,Firenze,Early Winter,3,private,"43.77074, 11.25212",2024-12-15
1372290,1,2013-07-12,Host,37,Centro Storico,2,1,Entire home,4,141,35,4.65,4.63,4.83,4.69,4.49,4.34,4.71,0.3,Firenze,Early Winter,1,private,"43.77022, 11.26796",2024-12-15
1207087,42,2011-10-27,Host,4,Centro Storico,6,3,Entire home,6,162,384,4.59,4.78,4.72,4.84,4.85,4.93,4.64,3.17,Firenze,Early Winter,2,private,"43.77301, 11.26316",2024-12-15
1373059,10,2013-07-12,Host,37,Centro Storico,3,2,Entire home,5,133,28,4.64,4.86,4.68,4.89,4.93,4.79,4.43,0.23,Firenze,Early Winter,1,private,"43.77045, 11.26797",2024-12-15
1373115,3,2013-07-12,Host,37,Centro Storico,1,,Entire home,4,133,82,4.72,4.84,4.81,4.74,4.71,4.69,4.59,0.66,Firenze,Early Winter,1,private,"43.77045, 11.26797",2024-12-15
1373169,2,2013-07-12,Host,37,Centro Storico,3,2,Entire home,4,133,10,4.33,4.7,4.8,4.8,4.5,4.2,4.2,0.08,Firenze,Early Winter,1,private,"43.77044, 11.26788",2024-12-15
1374538,5,2013-07-12,Host,1,Centro Storico,1,1,Entire home,3,150,124,4.97,4.93,4.97,4.99,4.98,4.88,4.9,1,Firenze,Early Winter,2,private,"43.77148, 11.26388",2024-12-15
1211606,7,2013-05-28,Host,8,Centro Storico,1,1,Private room,1,34,64,4.68,4.68,4.57,4.84,4.75,4.9,4.71,0.5,Firenze,Early Winter,2,shared,"43.77203, 11.25935",2024-12-15
1376740,0,2013-07-13,Host,3,Rifredi,3,2,Private room,2,40,146,4.85,4.86,4.88,4.95,4.94,4.46,4.76,1.24,Firenze,Early Winter,1,shared,"43.79264, 11.22029",2024-12-15
1214687,12,2013-05-29,Host,3,Centro Storico,1,1,Entire home,2,120,32,4.73,4.82,4.94,4.94,4.94,4.88,4.7,0.27,Firenze,Early Winter,1,private,"43.77137, 11.25585",2024-12-15
1215278,15,2013-05-29,Host,2,Gavinana Galluzzo,2,1,Entire home,2,88,30,4.7,4.77,4.77,4.83,4.87,4.73,4.73,0.53,Firenze,Early Winter,1,private,"43.76149, 11.28514",2024-12-15
1449583,0,2013-07-28,Host,1,Centro Storico,1,1,Private room,2,150,70,4.64,4.73,4.87,4.83,4.9,4.8,4.59,0.75,Firenze,Early Winter,1,private,"43.76538, 11.24245",2024-12-15
1219319,2,2010-10-29,Superhost,28,Centro Storico,1,1,Entire home,5,156,80,4.78,4.89,4.89,4.81,4.78,4.93,4.76,0.63,Firenze,Early Winter,1,private,"43.76504, 11.24592",2024-12-15
1221910,4,2010-10-29,Superhost,28,Centro Storico,6,3,Entire home,9,274,119,4.8,4.74,4.8,4.79,4.76,4.91,4.76,0.94,Firenze,Early Winter,2,private,"43.76466, 11.24624",2024-12-15
1462943,5,2013-02-28,Superhost,14,Gavinana Galluzzo,1,1,Entire home,2,150,59,4.9,4.9,4.85,4.9,4.93,4.84,4.75,0.5,Firenze,Early Winter,1,private,"43.73192, 11.21062",2024-12-15
1472062,9,2011-06-06,Superhost,6,Centro Storico,1,1,Entire home,2,136,154,4.92,4.98,4.86,4.92,4.96,4.97,4.92,1.25,Firenze,Early Winter,1,private,"43.7705, 11.24995",2024-12-15
1226715,27,2013-01-06,Superhost,14,Centro Storico,3,2,Entire home,5,163,112,4.95,4.96,4.94,4.96,4.99,4.95,4.89,0.9,Firenze,Early Winter,1,private,"43.77482, 11.25249",2024-12-15
1228121,3,2013-01-23,Superhost,2,Isolotto Legnaia,2,1,Entire home,3,119,34,4.97,4.97,4.88,5,4.97,4.65,4.85,0.27,Firenze,Early Winter,1,private,"43.76959, 11.23383",2024-12-15
1474636,1,2012-05-24,Superhost,17,Centro Storico,2,1,Entire home,2,150,369,4.9,4.88,4.91,4.91,4.94,4.99,4.86,2.93,Firenze,Early Winter,1,private,"43.77345, 11.25932",2024-12-15
1231263,57,2013-06-03,Superhost,7,Centro Storico,1,1,Entire home,4,184,328,4.92,4.94,4.96,4.92,4.94,4.96,4.9,2.82,Firenze,Early Winter,1,private,"43.77078, 11.25616",2024-12-15
1239254,38,2011-09-19,Host,6,Gavinana Galluzzo,1,1,Entire home,2,70,197,4.51,4.65,4.7,4.8,4.82,4.51,4.47,1.54,Firenze,Early Winter,1,private,"43.76313, 11.27835",2024-12-15
1481584,1,2013-08-03,Superhost,7,Centro Storico,2,1,Entire home,4,149,3,5,5,5,5,5,4.67,4.67,0.03,Firenze,Early Winter,1,private,"43.75913, 11.24997",2024-12-15
1243330,0,2013-05-25,Host,5,Campo di Marte,2,1,Private room,2,93,25,4.76,4.76,4.84,4.96,4.92,4.56,4.76,0.22,Firenze,Early Winter,1,private,"43.78422, 11.27733",2024-12-15
1482355,74,2013-08-04,Superhost,1,Centro Storico,3,2,Entire home,4,128,399,4.85,4.88,4.57,4.95,4.97,4.98,4.84,3.17,Firenze,Early Winter,1,private,"43.76739, 11.2502",2024-12-15
1247405,0,2013-05-25,Host,5,Campo di Marte,1,1,Private room,2,83,63,4.75,4.92,4.95,4.93,4.97,4.55,4.7,0.5,Firenze,Early Winter,1,private,"43.78354, 11.27883",2024-12-15
1490364,0,2012-05-15,Host,34,Centro Storico,1,1,Entire home,3,126,1,5,5,5,5,5,5,5,0.01,Firenze,Early Winter,1,private,"43.7595, 11.24209",2024-12-15
1247439,2,2013-05-25,Host,5,Campo di Marte,1,1,Private room,2,83,54,4.91,4.9,4.92,4.94,4.94,4.65,4.86,0.43,Firenze,Early Winter,1,private,"43.78207, 11.27845",2024-12-15
1254347,1,2013-06-10,Host,4,Campo di Marte,6,3,Entire home,6,271,32,4.64,4.66,4.64,4.84,4.76,4.75,4.72,0.28,Firenze,Early Winter,2,private,"43.7938, 11.28485",2024-12-15
1490842,1,2012-05-15,Host,34,Centro Storico,1,1,Entire home,1,111,1,5,4,5,4,4,4,4,0.1,Firenze,Early Winter,1,private,"43.75815, 11.24168",2024-12-15
1490969,0,2012-05-15,Host,34,Centro Storico,1,1,Entire home,4,139,2,5,5,5,5,5,5,5,0.02,Firenze,Early Winter,1,private,"43.76003, 11.24307",2024-12-15
1491410,0,2012-05-15,Host,34,Centro Storico,1,1,Entire home,4,133,1,5,5,5,5,5,5,5,0.07,Firenze,Early Winter,1,private,"43.7591, 11.24226",2024-12-15
1257840,40,2013-06-11,Superhost,3,Centro Storico,3,2,Entire home,6,72,374,4.85,4.84,4.87,4.93,4.9,4.83,4.84,2.96,Firenze,Early Winter,2,private,"43.78019, 11.25963",2024-12-15
1259545,0,2013-06-10,Host,2,Gavinana Galluzzo,2,1,Private room,3,108,43,4.4,4.6,4.74,4.74,4.71,4.12,4.47,0.34,Firenze,Early Winter,1,private,"43.76039, 11.28678",2024-12-15
1261780,18,2011-01-25,Host,43,Centro Storico,7,3,Entire home,10,294,138,4.71,4.78,4.62,4.74,4.72,4.88,4.67,1.2,Firenze,Early Winter,4,private,"43.77089, 11.26506",2024-12-15
1262653,2,2013-06-12,Host,1,Centro Storico,2,1,Entire home,3,80,53,4.98,4.96,4.91,4.96,5,4.94,4.94,0.71,Firenze,Early Winter,1,private,"43.76392, 11.24286",2024-12-15
1492601,3,2012-05-15,Host,34,Centro Storico,2,1,Entire home,4,141,7,5,5,5,4.43,5,5,4.86,0.08,Firenze,Early Winter,1,private,"43.76003, 11.24265",2024-12-15
1496804,16,2011-01-25,Host,43,Centro Storico,1,1,Entire home,2,54,75,4.51,4.68,4.49,4.29,4.39,4.85,4.51,0.64,Firenze,Early Winter,1,private,"43.77022, 11.26301",2024-12-15
1265226,1,2013-06-12,Superhost,5,Centro Storico,4,2,Entire home,5,130,15,4.86,4.86,4.93,5,5,4.93,4.86,0.13,Firenze,Early Winter,1,private,"43.76787, 11.26409",2024-12-15
1500398,4,2012-06-15,Host,3,Centro Storico,9,4,Entire home,10,326,61,4.7,4.64,4.72,4.87,4.74,4.78,4.51,0.56,Firenze,Early Winter,4,private,"43.77895, 11.25507",2024-12-15
1267069,18,2011-09-19,Superhost,1,Centro Storico,1,1,Entire home,2,90,357,4.84,4.88,4.93,4.9,4.92,4.93,4.85,2.8,Firenze,Early Winter,1,private,"43.76609, 11.25521",2024-12-15
1500660,44,2013-08-08,Host,2,Centro Storico,2,1,Entire home,3,100,231,4.61,4.78,4.61,4.89,4.91,4.92,4.72,1.84,Firenze,Early Winter,2,private,"43.76864, 11.26069",2024-12-15
1510461,37,2012-08-20,Host,127,Centro Storico,2,1,Entire home,4,98,458,4.48,4.63,4.61,4.7,4.66,4.96,4.56,3.66,Firenze,Early Winter,1,private,"43.76724, 11.25345",2024-12-15
1270239,29,2013-06-12,Superhost,2,Centro Storico,2,1,Entire home,4,171,330,4.94,4.97,4.98,4.99,4.98,4.98,4.94,2.6,Firenze,Early Winter,1,private,"43.76911, 11.25596",2024-12-15
1277420,65,2013-05-27,Host,1,Rifredi,1,1,Private room,1,35,97,4.77,4.82,4.84,4.76,4.89,4.68,4.73,0.78,Firenze,Early Winter,2,private,"43.7882, 11.25816",2024-12-15
1510950,10,2013-08-10,Host,3,Centro Storico,2,1,Private room,2,140,126,4.47,4.57,4.28,4.7,4.65,4.75,4.51,1.04,Firenze,Early Winter,1,private,"43.76934, 11.26608",2024-12-15
1514768,37,2013-07-14,Superhost,21,Centro Storico,3,2,Entire home,3,86,465,4.83,4.86,4.95,4.94,4.93,4.96,4.86,3.72,Firenze,Early Winter,1,private,"43.76996, 11.25198",2024-12-15
1279014,7,2013-06-12,Superhost,5,Centro Storico,1,1,Entire home,2,115,40,4.85,4.92,4.92,4.95,4.97,4.95,4.85,0.32,Firenze,Early Winter,1,private,"43.76751, 11.26392",2024-12-15
1518366,3,2013-07-26,Host,1,Campo di Marte,1,1,Entire home,2,151,3,4.25,4.75,4.5,4.5,4.5,4.75,4.25,0.66,Firenze,Early Winter,1,private,"43.77157, 11.27814",2024-12-15
1281195,3,2013-02-08,Host,2,Centro Storico,2,1,Entire home,3,65,53,4.51,4.7,4.77,4.83,4.91,4.45,4.64,0.43,Firenze,Early Winter,1,private,"43.76064, 11.23328",2024-12-15
1281196,0,2013-02-08,Host,2,Centro Storico,2,1,Entire home,3,65,27,4.74,4.85,4.85,5,4.96,4.7,4.78,0.23,Firenze,Early Winter,1,private,"43.76055, 11.2319",2024-12-15
1522334,0,2013-08-13,Host,1,Rifredi,1,1,Entire home,2,243,73,4.59,4.7,4.71,4.69,4.76,4.38,4.67,0.7,Firenze,Early Winter,1,private,"43.78797, 11.25263",2024-12-15
1528390,18,2010-10-29,Superhost,28,Centro Storico,2,1,Entire home,6,301,133,4.83,4.91,4.9,4.92,4.89,4.87,4.84,1.26,Firenze,Early Winter,2,private,"43.776516, 11.246037",2024-12-15
1281468,22,2013-05-18,Superhost,1,Centro Storico,3,2,Entire home,4,105,349,4.18,4.43,4.1,4.67,4.49,4.71,4.35,2.75,Firenze,Early Winter,1,private,"43.76805, 11.24102",2024-12-15
1538816,26,2013-08-16,Superhost,5,Centro Storico,1,1,Entire home,2,76,134,4.77,4.74,4.81,4.89,4.88,4.95,4.79,1.09,Firenze,Early Winter,1,private,"43.77194, 11.25813",2024-12-15
1282504,2,2013-06-16,Host,3,Isolotto Legnaia,2,1,Entire home,2,81,31,4.67,4.68,4.68,4.9,4.9,4.68,4.68,0.25,Firenze,Early Winter,1,private,"43.77137, 11.23665",2024-12-15
1551698,0,2013-08-19,Host,10,Centro Storico,3,2,Entire home,5,280,1,5,5,5,5,5,5,5,0.03,Firenze,Early Winter,2,private,"43.7678, 11.25121",2024-12-15
1282846,0,2013-06-18,Superhost,11,Centro Storico,2,1,Entire home,4,200,31,4.45,4.86,4.75,4.63,4.54,4.52,4.67,0.24,Firenze,Early Winter,2,private,"43.78108, 11.25697",2024-12-15
1558952,23,2013-08-21,Host,5,Centro Storico,1,1,Entire home,3,100,277,4.85,4.92,4.88,4.88,4.93,4.95,4.79,2.22,Firenze,Early Winter,1,private,"43.77784, 11.2568",2024-12-15
1292904,24,2012-12-05,Host,6000,Centro Storico,5,3,Entire home,8,181,123,4.58,4.64,4.68,4.67,4.63,4.96,4.63,1.1,Firenze,Early Winter,2,private,"43.77288, 11.25425",2024-12-15
1293296,66,2011-08-29,Superhost,6,Centro Storico,2,1,Entire home,4,143,487,4.87,4.9,4.94,4.93,4.95,4.84,4.82,3.82,Firenze,Early Winter,2,private,"43.77373, 11.24744",2024-12-15
1567885,103,2013-08-23,Superhost,4,Centro Storico,1,1,Private room,2,2,476,4.68,4.79,4.76,4.84,4.9,4.57,4.66,3.83,Firenze,Early Winter,1,private,"43.78139, 11.24384",2024-12-15
1569011,10,2013-02-28,Superhost,14,Gavinana Galluzzo,1,1,Entire home,2,110,70,4.87,4.84,4.79,4.87,4.9,4.77,4.77,0.56,Firenze,Early Winter,1,private,"43.73207, 11.21049",2024-12-15
1294077,0,2013-06-10,Host,2,Gavinana Galluzzo,3,2,Private room,3,108,75,4.81,4.88,4.96,4.88,4.96,4.56,4.73,0.6,Firenze,Early Winter,1,private,"43.76111, 11.28857",2024-12-15
1569119,18,2013-02-28,Superhost,14,Gavinana Galluzzo,1,1,Entire home,2,110,144,4.89,4.85,4.83,4.92,4.91,4.87,4.74,1.15,Firenze,Early Winter,1,private,"43.73206, 11.21048",2024-12-15
1304456,0,2013-06-11,Host,1,Centro Storico,1,1,Entire home,2,150,32,4.91,4.94,4.94,4.78,4.81,4.94,4.81,0.28,Firenze,Early Winter,1,private,"43.77445, 11.25901",2024-12-15
1591926,0,2013-08-19,Host,10,Centro Storico,4,2,Entire home,4,310,7,4.43,4.33,4.5,4.33,4.33,4.67,4.17,0.06,Firenze,Early Winter,2,private,"43.76588, 11.24914",2024-12-15
1592406,6,2013-06-18,Superhost,11,Centro Storico,2,1,Entire home,5,174,49,4.51,4.81,4.65,4.69,4.71,4.94,4.56,0.39,Firenze,Early Winter,1,private,"43.77368091654308, 11.257865227182206",2024-12-15
1307076,10,2013-06-25,Host,6,Centro Storico,4,2,Entire home,3,76,138,4.49,4.71,4.74,4.69,4.61,4.68,4.55,1.09,Firenze,Early Winter,1,private,"43.77845764160156, 11.254572868347168",2024-12-15
1312223,0,2012-11-09,Host,8,Centro Storico,1,1,Entire home,2,99,42,4.5,4.67,4.62,4.79,4.6,4.95,4.52,0.37,Firenze,Early Winter,1,private,"43.76563, 11.24679",2024-12-15
1602088,0,2013-08-30,Host,2,Centro Storico,2,1,Entire home,4,83,11,4.82,4.91,4.91,4.91,4.82,5,4.82,0.09,Firenze,Early Winter,1,private,"43.77047, 11.25391",2024-12-15
1315899,43,2013-06-27,Superhost,5,Centro Storico,2,1,Entire home,2,90,270,4.92,4.94,4.97,4.97,4.99,4.97,4.89,2.14,Firenze,Early Winter,1,private,"43.76913, 11.24553",2024-12-15
1324714,21,2013-06-30,Host,8,Centro Storico,1,1,Private room,3,42,297,4.41,4.7,4.75,4.77,4.79,4.1,4.4,2.34,Firenze,Early Winter,1,private,"43.784889221191406, 11.231990814208984",2024-12-15
1325879,32,2013-06-30,Host,8,Centro Storico,1,1,Private room,3,32,383,4.45,4.7,4.73,4.73,4.78,4.24,4.47,3.01,Firenze,Early Winter,2,shared,"43.78489, 11.23199",2024-12-15
1604550,66,2013-08-31,Superhost,5,Centro Storico,2,1,Entire home,4,222,474,4.93,4.95,4.93,4.91,4.95,4.98,4.89,3.8,Firenze,Early Winter,2,private,"43.768414, 11.258753",2024-12-15
1604822,0,2013-08-19,Host,10,Centro Storico,5,3,Entire home,6,376,4,5,5,5,5,5,5,5,0.03,Firenze,Early Winter,2,private,"43.76725, 11.25034",2024-12-15
1326054,8,2013-06-30,Host,8,Centro Storico,1,1,Private room,2,37,264,4.41,4.58,4.67,4.83,4.76,4.12,4.4,2.08,Firenze,Early Winter,1,shared,"43.784889221191406, 11.231990814208984",2024-12-15
1326240,10,2013-06-30,Host,8,Centro Storico,2,1,Private room,2,32,383,4.53,4.72,4.78,4.72,4.8,4.23,4.52,3.01,Firenze,Early Winter,2,shared,"43.784889, 11.231991",2024-12-15
1326317,19,2013-06-30,Host,8,Centro Storico,1,1,Private room,3,32,324,4.43,4.67,4.72,4.74,4.78,4.24,4.48,2.55,Firenze,Early Winter,2,shared,"43.784889, 11.231991",2024-12-15
1329332,11,2011-02-07,Host,44,Centro Storico,1,1,Entire home,2,74,68,4.22,4.4,4.51,4.53,4.46,4.87,4.13,0.53,Firenze,Early Winter,1,private,"43.76739, 11.25197",2024-12-15
1329789,9,2013-07-01,Host,7,Centro Storico,1,1,Entire home,2,550,146,4.77,4.87,4.85,4.63,4.81,4.99,4.79,1.66,Firenze,Early Winter,1,private,"43.77112, 11.24873",2024-12-15
1615787,36,2013-04-24,Host,1,Centro Storico,1,1,Entire home,2,61,365,4.75,4.78,4.7,4.93,4.95,4.96,4.79,2.93,Firenze,Early Winter,2,private,"43.7662, 11.2478",2024-12-15
1331713,0,2013-07-01,Host,1,Rifredi,1,1,Entire home,3,90,3,4.67,5,4.67,4.67,4.67,4.33,4.67,0.02,Firenze,Early Winter,1,private,"43.81579, 11.22975",2024-12-15
1621152,71,2013-02-28,Superhost,14,Gavinana Galluzzo,3,2,Entire home,2,260,704,4.89,4.89,4.91,4.9,4.9,4.84,4.6,5.63,Firenze,Early Winter,1,private,"43.73198, 11.21041",2024-12-15
1332034,34,2013-07-01,Host,8,Centro Storico,1,1,Private room,2,99,302,4.56,4.73,4.66,4.89,4.85,4.88,4.61,2.38,Firenze,Early Winter,1,shared,"43.7744, 11.25421",2024-12-15
1629028,1,2013-09-05,Superhost,4,Centro Storico,1,1,Entire home,2,95,131,4.66,4.76,4.51,4.9,4.92,4.79,4.66,1.05,Firenze,Early Winter,1,private,"43.76628, 11.24628",2024-12-15
1334988,11,2011-08-31,Superhost,13,Centro Storico,1,,Private room,2,85,380,4.68,4.77,4.82,4.79,4.87,4.67,4.64,2.99,Firenze,Early Winter,1,private,"43.76756, 11.2403",2024-12-15
1338481,48,2013-07-03,Superhost,3,Centro Storico,2,1,Entire home,3,125,177,4.66,4.61,4.71,4.77,4.86,4.85,4.62,1.42,Firenze,Early Winter,1,private,"43.76655, 11.25467",2024-12-15
1634852,0,2013-08-07,Host,2,Rifredi,2,1,Entire home,2,56,34,4.85,4.82,4.68,4.94,4.97,4.65,4.71,0.27,Firenze,Early Winter,1,private,"43.79175, 11.24842",2024-12-15
1338618,10,2013-07-03,Superhost,13,Centro Storico,2,1,Entire home,4,198,86,4.87,4.9,4.98,4.96,4.98,4.94,4.92,0.74,Firenze,Early Winter,1,private,"43.77352, 11.253",2024-12-15
1338663,1,2013-07-03,Superhost,13,Centro Storico,3,2,Entire home,4,205,7,5,4.71,5,4.71,5,4.86,4.86,0.1,Firenze,Early Winter,1,private,"43.78045, 11.26242",2024-12-15
1339089,0,2012-07-27,Host,12,Centro Storico,1,1,Entire home,3,9500,343,4.8,4.89,4.86,4.93,4.95,4.96,4.79,2.7,Firenze,Early Winter,1,private,"43.76947, 11.25982",2024-12-15
1341848,0,2013-07-04,Host,1,Centro Storico,1,1,Entire home,4,150,189,4.78,4.88,4.86,4.86,4.91,4.86,4.84,1.52,Firenze,Early Winter,1,private,"43.76939, 11.24055",2024-12-15
1648763,3,2013-09-08,Host,1,Centro Storico,3,2,Entire home,3,90,10,4.7,4.5,4.2,5,4.8,5,4.5,0.13,Firenze,Early Winter,2,private,"43.76944, 11.26452",2024-12-15
1658027,16,2013-09-12,Host,1,Isolotto Legnaia,3,2,Entire home,4,55,75,4.68,4.79,4.71,4.93,4.92,4.63,4.61,0.65,Firenze,Early Winter,1,private,"43.76644, 11.20865",2024-12-15
1348630,30,2013-07-06,Superhost,2,Campo di Marte,1,1,Private room,1,45,239,4.9,4.97,4.97,4.97,4.93,4.56,4.89,1.95,Firenze,Early Winter,1,private,"43.78351, 11.28768",2024-12-15
1659649,0,2013-06-11,Host,9,Centro Storico,2,1,Entire home,8,591,13,4.54,4.38,4.62,4.92,4.77,4.77,4.46,0.13,Firenze,Early Winter,4,private,"43.77153, 11.26096",2024-12-15
1348853,20,2013-07-06,Superhost,2,Campo di Marte,2,1,Private room,2,45,123,4.87,4.89,4.95,4.97,4.94,4.63,4.83,0.99,Firenze,Early Winter,1,private,"43.78134, 11.28764",2024-12-15
1354245,73,2012-10-11,Superhost,2,Centro Storico,2,1,Entire home,3,111,187,4.86,4.91,4.84,4.9,4.93,4.88,4.76,1.8,Firenze,Early Winter,1,private,"43.77656173706055, 11.244621276855469",2024-12-15
1354290,19,2013-07-08,Host,3,Centro Storico,2,1,Entire home,3,64,106,4.68,4.76,4.57,4.75,4.84,4.92,4.71,1.02,Firenze,Early Winter,1,private,"43.76377, 11.24801",2024-12-15
1670908,13,2013-09-15,Host,146,Centro Storico,1,1,Entire home,4,159,221,4.75,4.88,4.85,4.78,4.83,4.76,4.73,1.78,Firenze,Early Winter,1,private,"43.76835, 11.24101",2024-12-15
1685310,37,2013-03-14,Superhost,2,Centro Storico,1,1,Entire home,2,62,119,4.74,4.69,4.8,4.92,4.9,4.9,4.73,1.06,Firenze,Early Winter,1,private,"43.77521, 11.26408",2024-12-15
1356037,25,2013-07-08,Superhost,4,Centro Storico,2,1,Entire home,4,138,241,4.84,4.89,4.83,4.96,4.94,4.88,4.8,1.92,Firenze,Early Winter,1,private,"43.77793884277344, 11.25453758239746",2024-12-15
1685515,14,2013-09-18,Superhost,1,Campo di Marte,1,1,Entire home,2,84,165,4.96,4.9,4.95,4.94,4.96,4.75,4.92,1.33,Firenze,Early Winter,1,private,"43.77036, 11.27602",2024-12-15
1356196,0,2013-07-07,Host,2,Centro Storico,2,1,Entire home,3,150,150,4.5,4.53,4.82,4.71,4.75,4.86,4.57,1.19,Firenze,Early Winter,1,private,"43.7704, 11.26838",2024-12-15
1687786,0,2012-11-09,Host,8,Centro Storico,3,2,Entire home,3,129,11,4.09,4.09,3.9,4.64,4.73,4.9,4.55,0.09,Firenze,Early Winter,1,private,"43.76544, 11.2472",2024-12-15
1687878,0,2012-11-09,Host,8,Centro Storico,5,3,Entire home,5,189,8,4,4.13,3.25,4.75,4.38,4.75,4,0.06,Firenze,Early Winter,2,private,"43.76552, 11.24527",2024-12-15
1358758,51,2012-10-23,Host,3,Campo di Marte,2,1,Private room,3,36,322,4.57,4.73,4.71,4.63,4.65,4.46,4.64,2.55,Firenze,Early Winter,1,shared,"43.78758, 11.27186",2024-12-15
1358804,43,2013-07-09,Superhost,2,Isolotto Legnaia,4,2,Entire home,8,200,215,4.67,4.74,4.76,4.87,4.92,4.43,4.63,1.87,Firenze,Early Winter,2,private,"43.7788, 11.19832",2024-12-15
1689559,0,2012-11-29,Superhost,2,Campo di Marte,4,2,Entire home,4,115,3,4.33,4.67,5,4.67,4.5,4.33,4.33,0.03,Firenze,Early Winter,2,private,"43.77761, 11.27289",2024-12-15
1361503,2,2013-06-30,Host,8,Centro Storico,1,1,Private room,3,42,51,4.43,4.68,4.86,4.86,4.78,4.04,4.39,0.4,Firenze,Early Winter,1,private,"43.784889221191406, 11.231990814208984",2024-12-15
1695622,29,2013-06-07,Superhost,58,Centro Storico,2,1,Entire home,4,104,82,4.85,4.93,4.91,4.96,4.99,4.96,4.9,0.66,Firenze,Early Winter,1,private,"43.76924, 11.24668",2024-12-15
1706765,1,2010-06-07,Host,6,Centro Storico,2,1,Hotel room,4,73,21,4.7,4.71,4.86,4.86,4.86,4.75,4.75,0.17,Firenze,Early Winter,1,private,"43.76269, 11.24143",2024-12-15
1361748,27,2013-06-30,Host,8,Centro Storico,1,1,Private room,3,32,212,4.45,4.71,4.72,4.72,4.83,4.12,4.52,1.67,Firenze,Early Winter,2,shared,"43.784889221191406, 11.231990814208984",2024-12-15
1726532,3,2013-05-29,Host,3,Centro Storico,2,1,Entire home,6,170,15,4.67,4.87,4.87,4.87,4.87,5,4.93,0.12,Firenze,Early Winter,2,private,"43.77124, 11.25352",2024-12-15
1731800,17,2011-01-25,Host,43,Centro Storico,3,2,Entire home,4,90,154,4.47,4.53,4.47,4.58,4.67,4.95,4.51,1.29,Firenze,Early Winter,2,private,"43.77381, 11.25173",2024-12-15
1367404,0,2011-11-08,Host,1,Centro Storico,2,1,Entire home,3,182,65,4.63,4.78,4.77,4.92,4.75,4.97,4.74,0.85,Firenze,Early Winter,1,private,"43.76956, 11.26036",2024-12-15
1734658,7,2013-09-30,Host,18,Centro Storico,3,2,Entire home,3,57,132,4.63,4.8,4.63,4.88,4.88,4.9,4.73,1.3,Firenze,Early Winter,1,private,"43.77024, 11.26456",2024-12-15
1946052,7,2013-11-17,Superhost,1,Centro Storico,2,1,Entire home,4,98,59,4.85,4.92,4.95,4.97,5,4.95,4.69,0.5,Firenze,Early Winter,1,private,"43.764809, 11.245094",2024-12-15
1736075,0,2013-06-22,Host,1,Centro Storico,1,1,Private room,1,150,230,4.55,4.72,4.67,4.8,4.7,4.76,4.72,1.86,Firenze,Early Winter,2,private,"43.76836, 11.24575",2024-12-15
1952224,43,2013-10-29,Superhost,2,Centro Storico,3,2,Entire home,4,133,300,4.75,4.82,4.93,4.69,4.57,4.86,4.7,2.48,Firenze,Early Winter,2,private,"43.76542, 11.24614",2024-12-15
1739967,25,2013-10-01,Host,4,Centro Storico,3,2,Entire home,5,120,136,4.7,4.88,4.78,4.9,4.9,4.91,4.79,1.45,Firenze,Early Winter,1,private,"43.76489, 11.24664",2024-12-15
1746407,1,2013-10-02,Host,3,Centro Storico,2,1,Entire home,4,139,70,4.78,4.86,4.9,4.8,4.87,4.75,4.77,0.58,Firenze,Early Winter,1,private,"43.76936, 11.26801",2024-12-15
1955278,7,2011-05-30,Superhost,8,Rifredi,3,2,Private room,3,86,18,4.94,4.94,4.94,4.94,5,4.72,4.78,0.3,Firenze,Early Winter,1,private,"43.7971, 11.25303",2024-12-15
1959726,0,2013-11-19,Host,1,Centro Storico,1,1,Entire home,4,121,76,4.87,4.93,4.99,4.95,4.91,4.87,4.87,0.63,Firenze,Early Winter,1,private,"43.78143, 11.25714",2024-12-15
1968160,0,2013-11-21,Host,4,Centro Storico,5,3,Entire home,6,150,59,4.85,4.9,4.85,4.86,4.88,4.95,4.88,0.51,Firenze,Early Winter,1,private,"43.76929, 11.24814",2024-12-15
1974325,10,2010-10-29,Superhost,28,Centro Storico,3,2,Entire home,4,120,54,4.76,4.81,4.81,4.87,4.89,4.78,4.74,0.47,Firenze,Early Winter,1,private,"43.769024, 11.240594",2024-12-15
1992336,6,2013-05-28,Host,8,Campo di Marte,2,1,Private room,2,45,28,4.79,4.86,4.79,4.89,4.89,4.64,4.82,0.23,Firenze,Early Winter,2,shared,"43.78234, 11.26348",2024-12-15
1998266,10,2013-11-25,Superhost,6,Campo di Marte,2,1,Entire home,4,1000,43,4.86,4.85,4.89,4.93,4.85,4.7,4.63,0.47,Firenze,Early Winter,2,private,"43.78131, 11.32694",2024-12-15
1750730,41,2013-10-03,Host,1,Centro Storico,1,,Private room,2,59,156,4.53,4.65,4.47,4.78,4.8,4.73,4.46,1.5,Firenze,Early Winter,1,private,"43.76293, 11.23949",2024-12-15
1999114,13,2013-11-25,Superhost,6,Campo di Marte,3,2,Entire home,6,1000,58,4.9,4.91,4.93,4.86,4.93,4.81,4.81,0.63,Firenze,Early Winter,3,private,"43.78231, 11.32636",2024-12-15
2001640,7,2013-11-25,Superhost,6,Campo di Marte,1,1,Entire home,2,1000,38,4.95,4.84,4.95,4.97,4.95,4.89,4.84,0.42,Firenze,Early Winter,1,private,"43.78084, 11.3259",2024-12-15
1753118,4,2013-10-04,Superhost,3,Campo di Marte,1,1,Private room,1,35,108,4.81,4.91,4.93,4.93,4.97,4.75,4.83,0.89,Firenze,Early Winter,1,private,"43.78475, 11.26704",2024-12-15
2007270,1,2013-11-29,Host,1,Isolotto Legnaia,1,1,Entire home,2,165,3,4.33,5,4.67,4.67,4.67,4,4.33,0.03,Firenze,Early Winter,1,private,"43.7708, 11.23164",2024-12-15
1753680,11,2011-10-05,Host,7,Rifredi,1,1,Private room,2,45,43,4.57,4.71,4.86,4.9,4.86,4.73,4.59,0.35,Firenze,Early Winter,0,shared,"43.78333, 11.25402",2024-12-15
1757057,81,2013-07-04,Superhost,2,Centro Storico,1,1,Entire home,2,104,477,4.96,4.97,4.96,4.99,4.97,4.97,4.93,5.22,Firenze,Early Winter,1,private,"43.77056, 11.25081",2024-12-15
2019960,0,2013-12-02,Host,1,Centro Storico,4,2,Entire home,4,150,1,5,5,5,5,5,5,5,0.01,Firenze,Early Winter,1,private,"43.7763, 11.26286",2024-12-15
1763070,3,2013-10-06,Host,1,Centro Storico,4,2,Entire home,4,110,35,4.89,4.91,4.82,4.97,4.94,4.82,4.79,0.29,Firenze,Early Winter,2,private,"43.76876, 11.26427",2024-12-15
1763326,37,2013-10-06,Superhost,2,Rifredi,2,1,Entire home,3,69,129,4.77,4.78,4.9,4.82,4.84,4.53,4.64,1.04,Firenze,Early Winter,1,private,"43.80186, 11.24226",2024-12-15
1765945,9,2013-08-21,Host,5,Centro Storico,1,1,Entire home,2,85,23,4.61,4.74,4.3,4.87,4.91,4.91,4.61,0.19,Firenze,Early Winter,1,private,"43.77661, 11.2573",2024-12-15
2030418,21,2013-02-14,Superhost,2,Centro Storico,3,2,Entire home,5,200,56,4.95,4.96,4.98,4.98,4.96,4.96,4.86,0.53,Firenze,Early Winter,2,private,"43.7695, 11.25782",2024-12-15
2053796,16,2013-03-31,Host,52,Centro Storico,2,1,Entire home,4,154,201,4.5,4.65,4.47,4.74,4.65,4.92,4.51,1.67,Firenze,Early Winter,1,private,"43.7717, 11.2508",2024-12-15
1767883,16,2013-10-07,Superhost,12,Centro Storico,7,3,Entire home,7,186,61,4.95,4.97,4.87,4.98,5,4.97,4.9,0.49,Firenze,Early Winter,1,private,"43.7668, 11.26017",2024-12-15
2063571,14,2011-05-20,Superhost,3,Centro Storico,1,1,Private room,2,141,29,4.97,4.9,4.93,4.97,4.97,4.75,4.93,0.24,Firenze,Early Winter,1,private,"43.78372, 11.23985",2024-12-15
2074541,63,2019-01-21,Host,59,Centro Storico,1,1,Entire home,2,191,172,4.32,4.67,4.68,4.67,4.68,4.82,4.48,1.42,Firenze,Early Winter,1,private,"43.7714729309082, 11.256210327148438",2024-12-15
1771365,11,2013-10-08,Superhost,4,Campo di Marte,1,1,Private room,1,89,33,4.73,4.91,4.88,4.81,4.85,4.77,4.77,0.27,Firenze,Early Winter,1,private,"43.76716, 11.27556",2024-12-15
1775461,12,2013-10-01,Host,4,Gavinana Galluzzo,1,1,Private room,2,56,83,4.57,4.72,4.78,4.77,4.61,4.65,4.64,0.79,Firenze,Early Winter,1,private,"43.75511, 11.23737",2024-12-15
2093260,54,2019-05-17,Host,5,Centro Storico,2,1,Entire home,4,106,506,4.38,4.56,4.54,4.53,4.52,4.94,4.44,4.17,Firenze,Early Winter,1,private,"43.77518, 11.25775",2024-12-15
1776412,16,2012-02-27,Superhost,1,Centro Storico,1,1,Entire home,2,214,82,4.8,4.85,4.84,4.83,4.83,4.91,4.75,0.71,Firenze,Early Winter,1,private,"43.77825, 11.2585",2024-12-15
2099608,6,2013-12-19,Host,1,Centro Storico,2,1,Entire home,4,71,49,4.63,4.67,4.53,4.84,4.78,4.54,4.48,0.4,Firenze,Early Winter,2,private,"43.78062, 11.24474",2024-12-15
2101012,23,2013-08-20,Superhost,1,Centro Storico,5,3,Entire home,5,214,158,4.78,4.89,4.77,4.84,4.89,4.96,4.85,1.36,Firenze,Early Winter,1,private,"43.7687230815321, 11.256162070651246",2024-12-15
1792829,0,2013-10-13,Host,1,Gavinana Galluzzo,3,2,Private room,3,56,9,4.67,4.89,4.89,4.44,4.67,3.67,4.78,0.08,Firenze,Early Winter,1,private,"43.76221, 11.28466",2024-12-15
2113670,0,2011-08-31,Superhost,13,Centro Storico,1,1,Private room,2,72,299,4.71,4.8,4.89,4.85,4.87,4.64,4.63,2.47,Firenze,Early Winter,1,shared,"43.76753, 11.24073",2024-12-15
1802113,0,2012-04-29,Host,1,Campo di Marte,2,1,Entire home,4,100,134,4.81,4.92,4.74,4.88,4.91,4.71,4.84,1.1,Firenze,Early Winter,1,private,"43.76956, 11.27473",2024-12-15
2125090,4,2012-07-27,Superhost,5,Centro Storico,1,1,Entire home,2,112,238,4.83,4.86,4.96,4.9,4.89,4.92,4.8,1.96,Firenze,Early Winter,1,private,"43.76902, 11.2573",2024-12-15
1806477,50,2013-10-16,Superhost,3,Centro Storico,3,2,Entire home,4,260,392,4.93,4.92,4.92,4.99,4.99,5,4.88,3.19,Firenze,Early Winter,1,private,"43.76787, 11.25219",2024-12-15
1807006,38,2013-10-16,Superhost,3,Centro Storico,2,1,Entire home,4,248,294,4.92,4.93,4.9,4.96,4.98,5,4.91,2.4,Firenze,Early Winter,1,private,"43.76698, 11.25289",2024-12-15
2130182,1,2013-12-28,Host,2,Centro Storico,2,1,Entire home,4,82,19,4.42,4.68,4.26,4.84,4.74,4.79,4.26,0.18,Firenze,Early Winter,1,private,"43.77458, 11.26705",2024-12-15
1813210,11,2013-10-18,Host,1,Centro Storico,2,1,Private room,2,65,61,4.9,4.98,4.98,5,4.9,4.89,4.95,0.5,Firenze,Early Winter,1,private,"43.77067, 11.27054",2024-12-15
1826957,25,2013-10-21,Host,1,Centro Storico,1,1,Entire home,2,99,39,4.72,4.85,4.74,4.79,4.79,4.85,4.69,0.35,Firenze,Early Winter,1,private,"43.77013, 11.26263",2024-12-15
2130829,0,2013-12-28,Host,1,Centro Storico,2,1,Entire home,3,120,294,4.9,4.95,4.9,4.93,4.95,4.82,4.83,2.47,Firenze,Early Winter,2,private,"43.77003, 11.24229",2024-12-15
1830272,0,2012-11-15,Host,160,Centro Storico,2,1,Entire home,4,240,15,4.33,4.4,4.67,4.67,4.67,5,4.4,0.14,Firenze,Early Winter,1,private,"43.77138, 11.24842",2024-12-15
1844272,3,2013-10-23,Superhost,6,Centro Storico,5,3,Entire home,6,121,78,4.91,4.9,4.9,4.97,4.96,4.99,4.87,0.64,Firenze,Early Winter,1,private,"43.7756, 11.25202",2024-12-15
1844296,4,2013-10-23,Superhost,6,Centro Storico,6,3,Entire home,8,168,95,4.83,4.93,4.96,4.96,4.98,4.98,4.8,0.78,Firenze,Early Winter,2,private,"43.7756, 11.25202",2024-12-15
1845578,48,2013-10-26,Superhost,11,Centro Storico,3,2,Entire home,4,142,200,4.86,4.91,4.88,4.93,4.95,4.96,4.81,1.77,Firenze,Early Winter,1,private,"43.7678, 11.25642",2024-12-15
2133975,0,2013-12-29,Host,1,Campo di Marte,1,1,Entire home,2,55,130,4.84,4.89,4.71,4.95,4.91,4.56,4.75,1.09,Firenze,Early Winter,1,private,"43.79101, 11.27029",2024-12-15
1849900,11,2013-10-21,Host,5,Rifredi,2,1,Entire home,4,103,116,4.62,4.87,4.78,4.79,4.8,4.59,4.69,0.99,Firenze,Early Winter,1,private,"43.78311, 11.25327",2024-12-15
1853860,0,2013-06-18,Superhost,11,Isolotto Legnaia,5,3,Entire home,6,100,30,4.79,4.93,4.8,4.89,4.83,4.68,4.75,0.25,Firenze,Early Winter,2,private,"43.77068, 11.23978",2024-12-15
1884270,89,2013-09-09,Host,2,Centro Storico,3,2,Entire home,4,70,630,4.72,4.83,4.8,4.87,4.9,4.57,4.76,5.19,Firenze,Early Winter,1,private,"43.78058, 11.23551",2024-12-15
1906097,1,2013-10-23,Superhost,6,Centro Storico,8,3,Entire home,10,221,68,4.84,4.85,4.87,4.94,4.97,4.95,4.8,0.56,Firenze,Early Winter,3,private,"43.775597, 11.252019",2024-12-15
2141417,27,2013-12-31,Host,11,Centro Storico,2,1,Entire home,6,134,55,4.84,4.82,4.63,4.91,4.91,4.93,4.77,0.63,Firenze,Early Winter,2,private,"43.76702, 11.25142",2024-12-15
1907384,12,2011-05-15,Superhost,3,Centro Storico,1,1,Private room,1,40,104,4.88,4.81,4.82,4.93,4.94,4.94,4.86,0.92,Firenze,Early Winter,1,private,"43.77062, 11.26827",2024-12-15
1908374,9,2013-11-09,Host,3,Centro Storico,2,1,Entire home,3,81,154,4.77,4.82,4.63,4.95,4.97,4.92,4.72,1.28,Firenze,Early Winter,1,private,"43.77629, 11.26129",2024-12-15
1910958,9,2011-12-22,Superhost,12,Centro Storico,1,1,Entire home,4,124,250,4.82,4.91,4.96,4.9,4.92,4.95,4.83,2.04,Firenze,Early Winter,1,private,"43.76716, 11.26012",2024-12-15
2144150,0,2014-01-01,Host,1,Centro Storico,5,3,Entire home,5,150,88,4.89,4.92,4.93,4.94,4.94,4.93,4.91,0.73,Firenze,Early Winter,2,private,"43.76628, 11.25389",2024-12-15
2146913,58,2013-02-23,Superhost,5,Centro Storico,5,3,Entire home,9,350,388,4.97,4.97,4.97,4.96,4.98,4.98,4.93,3.28,Firenze,Early Winter,3,private,"43.76822, 11.24888",2024-12-15
2148169,16,2014-01-02,Host,1,Centro Storico,3,2,Entire home,4,87,208,4.88,4.89,4.97,4.99,4.98,4.98,4.84,1.77,Firenze,Early Winter,1,private,"43.77722, 11.25116",2024-12-15
1927862,22,2013-11-11,Superhost,2,Campo di Marte,1,1,Private room,2,80,81,4.84,4.8,4.83,4.94,4.94,4.63,4.8,0.68,Firenze,Early Winter,1,private,"43.774418, 11.293558",2024-12-15
2148400,6,2014-01-02,Host,4,Centro Storico,3,2,Entire home,5,90,218,4.23,4.48,3.87,4.77,4.78,4.91,4.38,2.31,Firenze,Early Winter,1,private,"43.76687, 11.24912",2024-12-15
1937245,15,2017-06-20,Host,1,Campo di Marte,2,1,Entire home,4,75,91,4.6,4.65,4.78,4.79,4.77,4.49,4.55,0.77,Firenze,Early Winter,1,private,"43.78896, 11.27357",2024-12-15
1939974,52,2011-12-22,Superhost,12,Centro Storico,1,1,Entire home,2,86,447,4.84,4.89,4.89,4.94,4.96,4.97,4.85,3.94,Firenze,Early Winter,1,private,"43.76853, 11.24818",2024-12-15
2468720,0,2014-02-27,Host,2,Centro Storico,3,2,Entire home,3,357,22,4.64,4.77,4.95,4.86,4.91,5,4.59,0.19,Firenze,Early Winter,2,private,"43.76993, 11.25564",2024-12-15
2158066,0,2014-01-03,Host,9832,Centro Storico,3,2,Entire home,7,296,4,5,5,5,5,5,5,4.75,0.04,Firenze,Early Winter,3,private,"43.77703, 11.2563",2024-12-15
2165192,57,2014-01-05,Superhost,5,Centro Storico,2,1,Entire home,4,130,473,4.9,4.93,4.96,4.91,4.93,4.92,4.86,4,Firenze,Early Winter,1,private,"43.77423, 11.24481",2024-12-15
2167925,29,2014-01-05,Host,3,Centro Storico,4,2,Entire home,7,264,255,4.85,4.89,4.82,4.94,4.9,4.99,4.85,2.14,Firenze,Early Winter,4,private,"43.77603, 11.24934",2024-12-15
2468854,28,2014-02-27,Superhost,5,Centro Storico,2,1,Entire home,3,95,28,4.93,4.93,4.9,4.93,4.97,4.93,4.79,3.82,Firenze,Early Winter,1,private,"43.77603842467067, 11.252064103842327",2024-12-15
2470554,0,2012-11-07,Host,2,Rifredi,3,2,Entire home,5,150,5,4.8,4.25,5,5,4.75,4.75,4.5,0.04,Firenze,Early Winter,2,private,"43.79546, 11.26165",2024-12-15
2477044,12,2012-08-20,Host,127,Centro Storico,2,1,Entire home,3,100,177,4.09,4.16,4.09,4.33,4.33,4.59,4.1,1.5,Firenze,Early Winter,1,private,"43.77396, 11.24626",2024-12-15
2481292,33,2014-03-01,Superhost,7,Centro Storico,2,1,Entire home,3,88,738,4.82,4.89,4.85,4.93,4.94,4.83,4.84,6.38,Firenze,Early Winter,1,private,"43.77121, 11.26983",2024-12-15
2485869,0,2014-03-02,Host,1,Gavinana Galluzzo,1,1,Private room,2,180,30,4.93,5,4.97,5,5,4.71,4.89,0.29,Firenze,Early Winter,1,private,"43.76348, 11.27927",2024-12-15
2168657,0,2014-01-03,Host,372,Centro Storico,3,2,Entire home,7,313,2,5,5,4.5,5,5,5,5,0.02,Firenze,Early Winter,2,private,"43.76839, 11.25895",2024-12-15
2169141,43,2014-01-06,Superhost,1,Centro Storico,4,2,Entire home,6,300,315,4.87,4.9,4.92,4.93,4.96,4.86,4.84,2.61,Firenze,Early Winter,3,private,"43.77974, 11.25464",2024-12-15
2492557,0,2014-02-27,Host,2,Centro Storico,1,1,Entire home,3,150,20,4.8,4.8,4.85,4.8,4.85,4.85,4.55,0.17,Firenze,Early Winter,2,private,"43.768, 11.25795",2024-12-15
2170381,42,2013-03-18,Superhost,3,Centro Storico,1,1,Entire home,2,74,382,4.79,4.9,4.8,4.81,4.84,4.93,4.82,3.16,Firenze,Early Winter,1,private,"43.7671, 11.24695",2024-12-15
2500514,50,2014-03-03,Superhost,2,Centro Storico,4,2,Entire home,4,57,283,4.92,4.94,4.94,4.98,4.97,4.94,4.87,4.66,Firenze,Early Winter,1,private,"43.76938, 11.26375",2024-12-15
2172706,25,2013-06-26,Superhost,1,Campo di Marte,5,3,Entire home,6,183,199,4.96,4.94,4.96,4.97,4.97,4.9,4.93,1.67,Firenze,Early Winter,2,private,"43.81006, 11.27258",2024-12-15
2517194,0,2014-02-19,Host,2,Gavinana Galluzzo,1,1,Private room,3,90,5,4.4,4.6,4.8,4.6,4.4,3.8,4.6,0.05,Firenze,Early Winter,1,private,"43.75169, 11.24006",2024-12-15
2517988,0,2014-03-07,Host,13,Centro Storico,2,1,Entire home,4,100,300,4.24,4.58,4.54,4.29,4.25,4.9,4.38,2.54,Firenze,Early Winter,1,private,"43.76902, 11.25766",2024-12-15
2519619,22,2013-02-05,Superhost,2,Centro Storico,4,2,Entire home,7,370,93,4.99,4.98,5,5,4.95,4.93,4.93,1.44,Firenze,Early Winter,4,private,"43.76053, 11.26081",2024-12-15
2182026,32,2013-12-31,Host,11,Centro Storico,1,1,Entire home,2,93,81,4.77,4.84,4.64,4.96,4.91,4.99,4.8,0.76,Firenze,Early Winter,1,private,"43.767, 11.24951",2024-12-15
2195624,5,2013-05-28,Host,8,Centro Storico,2,,Private room,2,38,32,4.84,4.75,4.78,4.94,4.88,4.94,4.84,0.27,Firenze,Early Winter,2,shared,"43.77193, 11.26113",2024-12-15
2207736,0,2013-02-28,Superhost,14,Gavinana Galluzzo,4,2,Entire home,4,250,19,4.58,4.5,4.63,4.88,4.72,4.71,4.29,0.17,Firenze,Early Winter,1,private,"43.73181, 11.21062",2024-12-15
2534416,18,2014-03-10,Superhost,1,Centro Storico,1,1,Private room,2,50,315,4.8,4.86,4.88,4.88,4.78,4.96,4.84,2.67,Firenze,Early Winter,1,private,"43.77626, 11.25811",2024-12-15
2552554,76,2014-03-12,Superhost,6,Centro Storico,1,1,Entire home,2,101,711,4.86,4.89,4.93,4.95,4.98,4.95,4.84,6,Firenze,Early Winter,1,private,"43.77618, 11.25437",2024-12-15
2557454,10,2013-01-04,Superhost,15,Centro Storico,6,3,Entire home,,279,30,4.83,4.87,4.87,4.8,4.67,4.8,4.7,0.27,Firenze,Early Winter,2,private,"43.76574, 11.24658",2024-12-15
2214177,9,2011-11-04,Host,16,Rifredi,1,1,Entire home,2,69,348,4.51,4.69,4.47,4.83,4.77,4.47,4.54,2.92,Firenze,Early Winter,1,private,"43.78462, 11.25591",2024-12-15
2572734,8,2014-03-16,Host,5,Rifredi,1,1,Entire home,2,90,126,4.87,4.94,4.95,4.94,4.99,4.65,4.82,1.08,Firenze,Early Winter,1,private,"43.79966, 11.2429",2024-12-15
2218083,1,2014-01-15,Host,4,Centro Storico,1,1,Entire home,4,220,5,4.8,5,5,5,5,5,5,0.04,Firenze,Early Winter,1,private,"43.77051, 11.25464",2024-12-15
2575389,24,2014-03-16,Superhost,2,Centro Storico,3,2,Entire home,4,199,281,4.94,4.97,4.99,4.96,4.95,4.96,4.94,2.46,Firenze,Early Winter,2,private,"43.77158, 11.25835",2024-12-15
2220148,28,2013-12-31,Host,11,Centro Storico,1,1,Entire home,4,107,54,4.63,4.67,4.52,4.93,4.87,4.81,4.69,0.45,Firenze,Early Winter,1,private,"43.76529, 11.26113",2024-12-15
2220492,1,2013-07-12,Host,37,Centro Storico,1,1,Entire home,3,118,33,4.21,4.27,4.36,4.21,4.39,3.94,4.33,0.28,Firenze,Early Winter,1,private,"43.78507, 11.23497",2024-12-15
2221632,18,2013-10-07,Superhost,12,Centro Storico,8,3,Entire home,8,169,60,4.95,4.95,4.83,4.97,4.97,5,4.87,0.53,Firenze,Early Winter,1,private,"43.76823, 11.2598",2024-12-15
2577126,0,2014-03-16,Host,1,Centro Storico,3,2,Entire home,4,80,151,4.7,4.8,4.75,4.87,4.9,4.93,4.75,1.29,Firenze,Early Winter,1,private,"43.77101, 11.26324",2024-12-15
2227527,0,2014-01-16,Host,1,Isolotto Legnaia,5,3,Entire home,5,60,70,4.56,4.77,4.61,4.76,4.7,4.44,4.58,0.59,Firenze,Early Winter,1,private,"43.77167, 11.21465",2024-12-15
2587525,1,2015-07-16,Superhost,35,Centro Storico,2,1,Entire home,4,169,143,4.85,4.92,4.87,4.98,4.97,4.96,4.81,1.22,Firenze,Early Winter,1,private,"43.76698, 11.24852",2024-12-15
2230662,9,2013-08-16,Superhost,5,Centro Storico,1,1,Entire home,4,82,24,4.92,4.96,4.84,5,5,5,4.8,0.22,Firenze,Early Winter,1,private,"43.7704, 11.25794",2024-12-15
2230668,14,2013-08-16,Superhost,5,Centro Storico,2,1,Entire home,3,152,109,4.94,4.94,4.9,4.99,4.97,4.98,4.87,0.93,Firenze,Early Winter,1,private,"43.77019, 11.25975",2024-12-15
2241760,33,2014-01-19,Superhost,1,Centro Storico,1,1,Entire home,2,92,269,4.77,4.86,4.92,4.96,4.98,4.88,4.77,2.27,Firenze,Early Winter,1,private,"43.76485, 11.25807",2024-12-15
2593497,4,2014-02-18,Superhost,5,Campo di Marte,2,1,Entire home,2,80,10,4.5,4.4,4.8,4.8,4.5,4.9,4.5,0.1,Firenze,Early Winter,1,private,"43.78677, 11.26632",2024-12-15
2242910,0,2014-01-19,Host,1,Centro Storico,4,2,Entire home,5,68,226,4.72,4.84,4.86,4.91,4.87,4.71,4.71,1.89,Firenze,Early Winter,1,private,"43.77985, 11.26449",2024-12-15
2244952,18,2014-01-20,Host,4,Centro Storico,3,2,Entire home,4,200,276,4.75,4.86,4.82,4.64,4.71,4.97,4.77,2.34,Firenze,Early Winter,1,private,"43.77156, 11.25631",2024-12-15
2597002,2,2012-12-27,Superhost,6,Centro Storico,3,2,Entire home,6,131,15,4.67,4.93,4.8,5,5,4.73,4.8,0.13,Firenze,Early Winter,2,private,"43.78195, 11.25188",2024-12-15
2602669,20,2013-08-16,Superhost,1,Centro Storico,3,2,Entire home,4,90,155,4.82,4.92,4.89,4.89,4.94,4.87,4.9,1.46,Firenze,Early Winter,1,private,"43.77582, 11.26476",2024-12-15
2249514,3,2014-01-20,Host,3,Campo di Marte,1,1,Private room,1,3,30,4.33,4.53,4.1,4.76,4.47,4.13,4.28,0.26,Firenze,Early Winter,1,private,"43.77591, 11.29137",2024-12-15
2604260,0,2014-03-11,Host,2,Centro Storico,1,1,Entire home,4,150,216,4.89,4.9,4.93,4.92,4.89,4.93,4.84,1.83,Firenze,Early Winter,2,private,"43.77417, 11.2468",2024-12-15
2622902,26,2013-01-28,Superhost,2,Rifredi,4,2,Entire home,5,114,133,4.77,4.83,4.81,4.89,4.95,4.49,4.72,1.13,Firenze,Early Winter,1,private,"43.79428, 11.23629",2024-12-15
2624807,31,2014-02-17,Superhost,2,Centro Storico,3,2,Entire home,3,99,213,4.95,4.99,5,4.96,4.95,4.98,4.94,1.85,Firenze,Early Winter,1,private,"43.77728, 11.25115",2024-12-15
2254863,29,2012-08-20,Host,127,Centro Storico,2,1,Entire home,4,166,133,4.58,4.92,4.83,4.5,4.46,4.67,4.57,1.13,Firenze,Early Winter,1,private,"43.77594, 11.24668",2024-12-15
2257950,0,2013-12-31,Host,11,Centro Storico,2,1,Entire home,4,150,3,4.33,5,4.67,5,5,5,4.67,0.03,Firenze,Early Winter,1,private,"43.76083, 11.23742",2024-12-15
2258337,9,2012-11-11,Superhost,2,Centro Storico,1,1,Entire home,,94,32,4.94,4.94,4.84,4.91,4.94,4.97,4.88,0.38,Firenze,Early Winter,1,private,"43.77245, 11.26104",2024-12-15
2625782,8,2014-03-23,Host,1,Centro Storico,1,1,Entire home,2,85,73,4.38,4.45,4.4,4.57,4.6,4.9,4.38,0.62,Firenze,Early Winter,1,private,"43.76866, 11.26641",2024-12-15
2258545,7,2012-11-11,Superhost,2,Centro Storico,1,1,Entire home,1,84,36,4.92,4.94,4.86,4.97,4.97,4.97,4.8,0.31,Firenze,Early Winter,1,private,"43.77239, 11.26127",2024-12-15
2259349,0,2012-11-14,Host,10,Centro Storico,1,1,Private room,1,78,7,4,4.29,4.29,4.57,4.29,4.86,4.29,0.09,Firenze,Early Winter,1,private,"43.77782, 11.25168",2024-12-15
2627190,0,2014-03-23,Host,1,Centro Storico,1,1,Entire home,4,150,18,4.89,4.94,4.72,4.94,4.94,4.94,4.72,0.15,Firenze,Early Winter,1,private,"43.77316, 11.26244",2024-12-15
2269944,3,2013-06-12,Superhost,5,Centro Storico,3,2,Entire home,4,120,9,4.67,4.5,4.63,4.88,4.75,4.88,4.38,0.08,Firenze,Early Winter,1,private,"43.76862, 11.26518",2024-12-15
2627518,0,2012-12-10,Host,1,Centro Storico,2,1,Entire home,4,80,14,4.71,4.86,4.5,5,5,4.79,4.71,0.12,Firenze,Early Winter,1,private,"43.77733, 11.25449",2024-12-15
2636293,76,2014-03-12,Superhost,6,Centro Storico,1,1,Entire home,2,107,626,4.87,4.91,4.95,4.95,4.98,4.96,4.85,5.32,Firenze,Early Winter,1,private,"43.77618, 11.2544",2024-12-15
2639411,0,2013-09-08,Host,4,Centro Storico,2,1,Entire home,3,71,121,4.36,4.63,4.55,4.5,4.63,4.74,4.47,1.03,Firenze,Early Winter,1,private,"43.77517, 11.25394",2024-12-15
2272183,0,2013-10-25,Host,29,Centro Storico,4,2,Entire home,6,200,3,4.33,4,4.67,4.67,4.67,5,4.67,0.03,Firenze,Early Winter,2,private,"43.77863, 11.2571",2024-12-15
2640908,20,2014-03-25,Superhost,2,Centro Storico,4,2,Entire home,6,126,183,4.74,4.67,4.92,4.91,4.9,4.68,4.74,1.55,Firenze,Early Winter,1,private,"43.7744, 11.24479",2024-12-15
2649735,2,2014-03-24,Host,4,Centro Storico,1,1,Private room,1,65,82,4.77,4.87,4.89,4.96,4.85,4.79,4.77,0.79,Firenze,Early Winter,1,private,"43.76939, 11.26995",2024-12-15
2272205,4,2014-01-24,Host,13,Centro Storico,2,1,Private room,3,48,65,4.25,4.33,4.13,4.69,4.56,4.84,4.28,0.57,Firenze,Early Winter,1,private,"43.7757, 11.25344",2024-12-15
2272209,8,2011-11-04,Host,16,Rifredi,1,1,Entire home,2,63,315,4.54,4.7,4.55,4.82,4.83,4.52,4.53,2.67,Firenze,Early Winter,1,private,"43.78436, 11.25526",2024-12-15
2654612,0,2014-03-27,Host,2,Centro Storico,1,1,Entire home,4,150,114,4.55,4.77,4.77,4.79,4.78,4.68,4.61,1.18,Firenze,Early Winter,1,private,"43.76234, 11.24278",2024-12-15
2275227,57,2011-05-20,Superhost,3,Centro Storico,1,1,Private room,2,48,218,4.92,4.94,4.93,4.96,4.98,4.78,4.92,1.83,Firenze,Early Winter,1,shared,"43.78372, 11.23985",2024-12-15
2302389,0,2011-06-09,Host,2,Centro Storico,1,1,Entire home,2,30,142,4.95,4.93,4.94,4.98,4.98,4.99,4.9,1.34,Firenze,Early Winter,1,private,"43.76773, 11.25165",2024-12-15
2323453,0,2014-02-02,Host,3,Centro Storico,3,2,Entire home,6,150,32,4.47,4.58,4.34,4.74,4.84,4.97,4.42,0.41,Firenze,Early Winter,1,private,"43.76786, 11.26014",2024-12-15
2334519,13,2014-02-04,Host,3,Centro Storico,2,1,Entire home,2,77,37,4.78,4.89,4.67,4.94,4.94,4.97,4.78,0.31,Firenze,Early Winter,1,private,"43.77288, 11.24701",2024-12-15
2334782,27,2014-02-04,Host,27,Centro Storico,2,1,Hotel room,5,1000,425,4.72,4.83,4.79,4.83,4.76,4.89,4.72,3.6,Firenze,Early Winter,1,private,"43.77274, 11.26254",2024-12-15
2662178,58,2014-03-28,Superhost,2,Centro Storico,1,1,Entire home,,76,302,4.78,4.8,4.82,4.92,4.93,4.92,4.75,2.58,Firenze,Early Winter,1,private,"43.77341, 11.26167",2024-12-15
2662643,76,2014-03-01,Superhost,1,Centro Storico,3,2,Entire home,3,98,776,4.9,4.92,4.91,4.96,4.92,4.96,4.91,6.56,Firenze,Early Winter,1,private,"43.776, 11.25158",2024-12-15
2336692,0,2013-05-05,Superhost,8,Centro Storico,5,3,Entire home,7,150,4,4.5,4.5,4.75,5,5,4.5,4.5,0.03,Firenze,Early Winter,2,private,"43.77693, 11.25287",2024-12-15
2336704,3,2013-05-05,Superhost,8,Centro Storico,2,1,Entire home,3,74,119,4.76,4.85,4.83,4.94,4.96,4.89,4.7,1.02,Firenze,Early Winter,1,private,"43.77764, 11.25405",2024-12-15
2349265,17,2015-07-16,Superhost,35,Isolotto Legnaia,3,2,Entire home,6,244,208,4.83,4.87,4.81,4.89,4.95,4.72,4.79,1.78,Firenze,Early Winter,3,private,"43.75496673583984, 11.213274955749512",2024-12-15
2354182,3,2014-02-07,Host,2,Gavinana Galluzzo,4,,Entire home,3,60,41,4.76,4.85,4.85,4.95,4.93,4.67,4.72,0.35,Firenze,Early Winter,1,private,"43.75251, 11.28696",2024-12-15
2359474,29,2013-07-01,Host,8,Centro Storico,1,1,Private room,2,100,284,4.52,4.51,4.45,4.82,4.74,4.96,4.53,2.41,Firenze,Early Winter,1,shared,"43.77529, 11.25551",2024-12-15
2664107,26,2012-12-27,Superhost,6,Rifredi,2,1,Private room,3,65,241,4.84,4.87,4.92,4.95,4.92,4.7,4.84,2.05,Firenze,Early Winter,1,shared,"43.78492, 11.25232",2024-12-15
2360114,45,2011-05-20,Superhost,3,Centro Storico,1,1,Private room,3,48,298,4.91,4.94,4.94,4.95,4.96,4.76,4.91,2.49,Firenze,Early Winter,1,private,"43.78372, 11.23985",2024-12-15
2360275,38,2014-02-08,Host,7,Centro Storico,4,2,Entire home,6,117,234,4.52,4.71,4.47,4.75,4.75,4.96,4.61,1.99,Firenze,Early Winter,1,private,"43.77459, 11.25824",2024-12-15
2676957,29,2014-02-25,Host,6,Centro Storico,2,1,Entire home,4,196,346,4.85,4.92,4.83,4.96,4.97,4.95,4.79,2.94,Firenze,Early Winter,1,private,"43.773467, 11.255406",2024-12-15
2366533,10,2014-02-09,Superhost,7,Centro Storico,2,1,Entire home,4,102,52,4.87,4.94,4.87,4.96,4.98,4.96,4.86,0.46,Firenze,Early Winter,1,private,"43.77494, 11.25869",2024-12-15
2679479,78,2014-03-31,Superhost,2,Centro Storico,3,2,Entire home,5,167,414,4.93,4.95,4.96,4.96,4.97,5,4.94,3.52,Firenze,Early Winter,1,private,"43.77380299782124, 11.257423164029523",2024-12-15
2702043,49,2014-03-28,Superhost,2,Centro Storico,1,1,Entire home,3,76,396,4.75,4.83,4.88,4.94,4.95,4.93,4.83,3.4,Firenze,Early Winter,1,private,"43.7736, 11.26364",2024-12-15
2704896,20,2011-01-25,Host,43,Centro Storico,3,2,Entire home,4,160,161,4.42,4.49,4.48,4.61,4.51,4.94,4.51,1.38,Firenze,Early Winter,1,private,"43.76813, 11.25717",2024-12-15
2707991,38,2012-09-12,Host,2,Centro Storico,1,1,Entire home,2,86,312,4.7,4.8,4.75,4.88,4.83,4.79,4.75,2.65,Firenze,Early Winter,1,private,"43.76885, 11.26786",2024-12-15
2388062,6,2013-04-14,Host,7,Centro Storico,4,2,Entire home,6,193,32,4.72,4.77,4.87,4.9,4.69,4.72,4.72,0.28,Firenze,Early Winter,2,private,"43.784721, 11.241201",2024-12-15
2389231,3,2014-02-12,Host,3,Centro Storico,4,2,Entire home,6,124,21,4.76,4.95,4.9,4.95,4.9,4.67,4.86,0.18,Firenze,Early Winter,2,private,"43.784721, 11.241201",2024-12-15
2712117,6,2013-08-22,Host,6,Centro Storico,4,2,Entire home,6,448,23,4.65,4.74,4.65,4.96,4.74,4.87,4.57,0.2,Firenze,Early Winter,2,private,"43.77161, 11.25926",2024-12-15
2398422,22,2013-01-04,Superhost,15,Centro Storico,2,1,Entire home,5,156,51,5,4.96,5,5,5,4.94,4.94,0.45,Firenze,Early Winter,1,private,"43.76574, 11.24658",2024-12-15
2712831,1,2014-02-12,Host,3,Centro Storico,3,2,Entire home,5,132,8,4.88,5,5,5,4.88,4.63,4.88,0.1,Firenze,Early Winter,1,private,"43.784721, 11.241201",2024-12-15
2715121,68,2013-09-16,Superhost,2,Centro Storico,1,1,Entire home,2,83,322,4.81,4.88,4.9,4.94,4.94,4.95,4.82,3.07,Firenze,Early Winter,1,private,"43.76676, 11.25304",2024-12-15
2398985,3,2014-02-15,Superhost,1,Centro Storico,1,1,Entire home,2,70,64,4.66,4.73,4.69,4.92,4.92,4.75,4.61,0.54,Firenze,Early Winter,1,private,"43.77126, 11.26637",2024-12-15
2720014,1,2014-03-29,Host,9,Centro Storico,4,2,Entire home,4,90,24,4.92,4.96,4.96,5,5,4.92,4.92,0.21,Firenze,Early Winter,1,private,"43.76496, 11.2648",2024-12-15
2402944,0,2014-02-16,Host,1,Campo di Marte,1,1,Entire home,,60,9,4.67,4.67,4.78,4.78,4.78,4.56,4.33,0.08,Firenze,Early Winter,1,private,"43.78042, 11.31549",2024-12-15
2406038,58,2014-02-16,Host,1,Centro Storico,1,1,Entire home,2,75,419,4.86,4.88,4.92,4.96,4.94,4.9,4.85,3.55,Firenze,Early Winter,1,private,"43.77606, 11.25981",2024-12-15
2740866,0,2012-07-29,Host,4,Centro Storico,2,1,Entire home,4,105,5,4.2,4.2,4.8,4.8,4.6,4.8,4.2,0.04,Firenze,Early Winter,1,private,"43.77199, 11.25627",2024-12-15
2411273,46,2014-02-17,Superhost,2,Centro Storico,2,1,Entire home,2,103,468,4.96,4.97,4.98,4.98,4.97,4.97,4.94,4.04,Firenze,Early Winter,1,private,"43.7755, 11.25181",2024-12-15
2412368,11,2012-10-24,Superhost,2,Centro Storico,1,1,Entire home,2,143,66,4.82,4.88,4.85,4.97,4.95,4.91,4.77,0.59,Firenze,Early Winter,1,private,"43.76931, 11.26425",2024-12-15
2419066,0,2014-02-18,Host,2,Campo di Marte,1,1,Entire home,2,100,13,4.85,4.85,4.92,5,4.92,4.54,4.85,0.11,Firenze,Early Winter,1,private,"43.78767, 11.29128",2024-12-15
2741367,57,2013-06-03,Superhost,7,Centro Storico,3,2,Entire home,5,259,188,4.96,4.95,4.98,4.92,4.95,4.99,4.91,1.64,Firenze,Early Winter,2,private,"43.7701, 11.25554",2024-12-15
2741620,52,2013-06-03,Superhost,7,Centro Storico,1,1,Entire home,4,224,391,4.9,4.93,4.92,4.9,4.92,4.96,4.84,3.36,Firenze,Early Winter,2,private,"43.76927, 11.25476",2024-12-15
2419354,0,2014-02-18,Superhost,5,Campo di Marte,2,1,Entire home,2,80,12,4.67,4.83,4.83,5,4.92,4.75,4.33,0.11,Firenze,Early Winter,1,private,"43.78549, 11.2666",2024-12-15
2425026,0,2014-02-19,Host,2,Gavinana Galluzzo,3,2,Entire home,3,110,1,5,5,5,5,5,4,5,0.01,Firenze,Early Winter,1,private,"43.75, 11.24017",2024-12-15
2429277,28,2014-02-20,Superhost,1,Centro Storico,1,1,Entire home,2,127,351,4.92,4.95,4.95,4.98,4.97,4.94,4.92,2.98,Firenze,Early Winter,1,private,"43.77045, 11.26051",2024-12-15
2752368,8,2014-04-09,Host,1,Rifredi,3,2,Entire home,4,80,95,4.78,4.82,4.91,4.82,4.8,4.38,4.7,0.81,Firenze,Early Winter,1,private,"43.80878, 11.23378",2024-12-15
2430453,0,2012-11-15,Host,160,Centro Storico,2,1,Entire home,4,216,5,4.6,4.2,4.6,4.2,5,5,4.2,0.04,Firenze,Early Winter,1,private,"43.77104, 11.24853",2024-12-15
2753881,35,2014-02-24,Superhost,16,Centro Storico,2,1,Entire home,4,179,339,4.89,4.93,4.95,4.86,4.9,4.96,4.92,2.9,Firenze,Early Winter,1,private,"43.76865, 11.25844",2024-12-15
2433763,20,2014-02-21,Host,6,Centro Storico,4,2,Entire home,5,290,100,4.79,4.86,4.69,4.85,4.91,4.99,4.74,0.86,Firenze,Early Winter,2,private,"43.76761, 11.25284",2024-12-15
2773042,18,2013-04-10,Superhost,1,Centro Storico,1,1,Entire home,2,51,378,4.8,4.83,4.88,4.91,4.89,4.85,4.82,3.23,Firenze,Early Winter,1,private,"43.76493, 11.24424",2024-12-15
2774911,0,2014-04-07,Host,13,Centro Storico,1,1,Hotel room,2,116,1,4,4,5,5,3,5,4,0.02,Firenze,Early Winter,1,private,"43.77305, 11.26078",2024-12-15
2776596,1,2014-04-07,Host,13,Centro Storico,1,1,Hotel room,2,116,1,5,5,5,5,5,5,4,0.34,Firenze,Early Winter,1,private,"43.7731, 11.26017",2024-12-15
2776667,0,2014-04-07,Host,13,Centro Storico,2,1,Hotel room,4,199,3,4.33,5,5,4.67,4.67,5,4.67,0.04,Firenze,Early Winter,1,private,"43.77306, 11.26019",2024-12-15
2776797,0,2014-04-07,Host,13,Centro Storico,2,1,Hotel room,4,199,1,5,5,5,5,5,5,5,0.02,Firenze,Early Winter,1,private,"43.77156, 11.26179",2024-12-15
2435191,0,2014-02-08,Host,2,Centro Storico,5,3,Entire home,5,170,11,4.55,4.64,4.55,4.82,4.82,4.73,4.73,0.1,Firenze,Early Winter,1,private,"43.77393, 11.24462",2024-12-15
2436306,0,2014-02-21,Host,6,Centro Storico,4,2,Entire home,6,169,102,4.64,4.75,4.57,4.76,4.87,4.96,4.71,0.88,Firenze,Early Winter,2,private,"43.77302, 11.25939",2024-12-15
2445669,0,2014-02-22,Host,1,Campo di Marte,1,1,Entire home,4,75,12,4.58,4.75,4.58,4.83,4.83,4.33,4.64,0.1,Firenze,Early Winter,1,private,"43.78103, 11.27627",2024-12-15
2780422,34,2013-08-26,Superhost,8,Centro Storico,3,2,Entire home,7,250,81,4.91,4.94,4.86,4.94,4.88,4.96,4.86,0.85,Firenze,Early Winter,2,private,"43.76895, 11.25766",2024-12-15
2451609,21,2014-02-24,Host,9,Centro Storico,1,1,Entire home,,124,336,4.82,4.88,4.91,4.93,4.97,4.8,4.8,2.84,Firenze,Early Winter,1,private,"43.77364, 11.24528",2024-12-15
2800814,14,2014-04-15,Superhost,1,Gavinana Galluzzo,10,4,Entire home,10,350,41,4.9,4.9,4.95,4.88,5,4.85,4.8,0.36,Firenze,Early Winter,4,private,"43.73113, 11.21607",2024-12-15
2809738,0,2014-04-16,Host,4,Centro Storico,4,2,Entire home,6,200,41,4.59,4.8,4.95,4.9,4.88,4.95,4.76,0.36,Firenze,Early Winter,2,private,"43.77815, 11.25764",2024-12-15
2458583,27,2014-02-25,Superhost,1,Centro Storico,1,1,Entire home,2,112,218,4.77,4.86,4.76,4.93,4.94,4.96,4.7,1.85,Firenze,Early Winter,1,private,"43.77308, 11.25035",2024-12-15
2462640,27,2014-02-24,Superhost,1,Gavinana Galluzzo,2,1,Entire home,3,75,160,4.59,4.73,4.65,4.82,4.72,4.45,4.6,1.36,Firenze,Early Winter,1,private,"43.74908, 11.23593",2024-12-15
2464445,21,2012-12-27,Superhost,6,Centro Storico,2,1,Private room,1,81,295,4.8,4.85,4.9,4.91,4.91,4.68,4.81,2.52,Firenze,Early Winter,1,shared,"43.7829, 11.25045",2024-12-15
2810302,0,2014-04-16,Host,1,Isolotto Legnaia,2,1,Entire home,3,100,15,4.8,4.93,4.87,4.93,5,4.67,4.79,0.13,Firenze,Early Winter,1,private,"43.77042, 11.23665",2024-12-15
2814561,0,2013-05-25,Host,5,Campo di Marte,1,1,Private room,1,83,32,4.81,4.93,4.97,4.93,4.97,4.4,4.77,0.27,Firenze,Early Winter,1,private,"43.77772, 11.27487",2024-12-15
3045937,30,2011-01-18,Superhost,10,Centro Storico,3,2,Entire home,4,107,216,4.79,4.82,4.76,4.91,4.93,4.98,4.77,1.94,Firenze,Early Winter,1,private,"43.77345, 11.25911",2024-12-15
2823268,4,2014-04-18,Host,3,Centro Storico,1,1,Entire home,4,105,134,4.9,4.94,4.92,4.98,4.92,4.96,4.9,1.14,Firenze,Early Winter,2,private,"43.76858, 11.24631",2024-12-15
3054429,18,2013-07-23,Superhost,1,Centro Storico,1,1,Entire home,2,127,114,4.84,4.82,4.86,4.95,4.98,4.9,4.76,0.98,Firenze,Early Winter,1,private,"43.76781, 11.26489",2024-12-15
3054886,1,2013-06-12,Superhost,5,Centro Storico,4,2,Entire home,5,140,6,5,5,5,5,5,5,5,0.05,Firenze,Early Winter,1,private,"43.76745, 11.26378",2024-12-15
3058448,57,2012-08-06,Superhost,29,Centro Storico,3,2,Entire home,7,312,452,4.9,4.94,4.89,4.9,4.87,4.98,4.85,3.99,Firenze,Early Winter,2,private,"43.76978, 11.25477",2024-12-15
2851927,23,2014-03-26,Host,5,Centro Storico,6,3,Entire home,8,566,59,4.93,4.93,4.88,4.98,4.98,4.95,4.86,0.7,Firenze,Early Winter,4,private,"43.76902, 11.263",2024-12-15
3058724,15,2014-05-15,Host,1,Gavinana Galluzzo,7,3,Entire home,10,244,215,4.42,4.38,4.52,4.59,4.75,4.65,4.49,1.89,Firenze,Early Winter,2,private,"43.74284, 11.25486",2024-12-15
2851943,0,2013-11-26,Host,10,Centro Storico,1,1,Private room,2,150,2,5,4.5,5,5,5,5,5,0.03,Firenze,Early Winter,1,private,"43.77659, 11.25666",2024-12-15
2854115,19,2014-03-26,Host,2,Centro Storico,1,1,Entire home,3,120,116,4.68,4.75,4.73,4.83,4.65,4.93,4.66,0.99,Firenze,Early Winter,1,private,"43.76739, 11.2496",2024-12-15
3059067,0,2012-10-09,Superhost,7,Centro Storico,2,1,Entire home,2,334,11,5,5,5,5,5,5,5,0.1,Firenze,Early Winter,1,private,"43.77362, 11.26648",2024-12-15
3059147,6,2012-10-09,Superhost,7,Centro Storico,4,2,Entire home,5,341,83,4.94,4.99,4.95,5,5,4.95,4.89,0.76,Firenze,Early Winter,2,private,"43.77362, 11.26648",2024-12-15
3060617,13,2014-05-15,Host,2,Campo di Marte,1,1,Private room,,50,232,4.79,4.84,4.89,4.9,4.88,4.51,4.78,2,Firenze,Early Winter,1,shared,"43.78392, 11.28036",2024-12-15
2862586,19,2014-03-14,Superhost,1,Campo di Marte,2,1,Private room,1,42,230,4.91,4.91,4.93,4.94,4.94,4.78,4.89,2,Firenze,Early Winter,1,private,"43.77328, 11.27355",2024-12-15
2864578,17,2011-09-20,Superhost,48,Centro Storico,2,1,Entire home,3,141,218,4.81,4.88,4.88,4.91,4.93,4.98,4.82,1.86,Firenze,Early Winter,1,private,"43.77211, 11.25654",2024-12-15
2866017,4,2013-08-21,Host,5,Centro Storico,1,1,Entire home,3,110,100,4.81,4.89,4.87,4.92,4.97,4.7,4.76,0.97,Firenze,Early Winter,1,private,"43.75908, 11.24189",2024-12-15
3061343,43,2012-08-06,Superhost,29,Centro Storico,3,2,Entire home,5,271,475,4.9,4.93,4.92,4.87,4.92,4.97,4.88,4.09,Firenze,Early Winter,3,private,"43.77078, 11.25569",2024-12-15
3075826,0,2013-08-19,Host,10,Centro Storico,4,2,Entire home,4,380,1,5,5,5,5,5,5,5,0.04,Firenze,Early Winter,2,private,"43.76773, 11.2492",2024-12-15
3088257,25,2014-05-19,Superhost,4,Centro Storico,2,1,Entire home,3,89,75,4.8,4.79,4.68,4.91,4.85,4.97,4.75,0.67,Firenze,Early Winter,1,private,"43.77271, 11.26062",2024-12-15
3096516,35,2012-07-10,Superhost,5,Centro Storico,5,3,Entire home,9,241,315,4.62,4.73,4.59,4.86,4.91,4.87,4.68,2.79,Firenze,Early Winter,2,private,"43.76586, 11.24732",2024-12-15
2872042,27,2014-04-24,Superhost,1,Centro Storico,2,1,Entire home,4,215,95,4.91,4.94,4.88,4.92,4.97,4.74,4.75,0.85,Firenze,Early Winter,3,private,"43.7652, 11.24252",2024-12-15
2880710,1,2013-08-26,Superhost,8,Centro Storico,2,1,Entire home,4,200,17,4.88,4.94,4.82,4.76,4.76,5,4.88,0.63,Firenze,Early Winter,2,private,"43.76788, 11.25688",2024-12-15
3101793,1,2013-07-29,Host,1,Centro Storico,4,2,Entire home,6,195,108,4.9,4.98,5,4.99,5,4.92,4.92,0.94,Firenze,Early Winter,1,private,"43.77469, 11.27006",2024-12-15
2887280,9,2014-04-26,Host,12,Centro Storico,3,2,Private room,3,65,18,3.78,4,3.94,3.83,3.83,4.11,4,0.16,Firenze,Early Winter,1,private,"43.78579, 11.23338",2024-12-15
3103527,19,2014-05-03,Superhost,1,Centro Storico,1,1,Entire home,2,57,183,4.71,4.83,4.75,4.84,4.91,4.91,4.71,1.57,Firenze,Early Winter,1,private,"43.76345, 11.24495",2024-12-15
2891620,27,2014-04-27,Host,5,Centro Storico,5,3,Entire home,5,144,130,4.74,4.75,4.75,4.94,4.97,4.93,4.72,1.11,Firenze,Early Winter,1,private,"43.77116, 11.24682",2024-12-15
2893648,15,2011-01-25,Host,43,Centro Storico,3,2,Entire home,7,99,145,4.52,4.66,4.63,4.73,4.63,4.93,4.56,1.37,Firenze,Early Winter,3,private,"43.77388, 11.25152",2024-12-15
2901522,9,2014-04-26,Host,12,Centro Storico,2,1,Private room,3,60,26,4.46,4.46,4.54,4.12,4.19,4.27,4.27,0.22,Firenze,Early Winter,1,shared,"43.78763, 11.23298",2024-12-15
3103636,10,2014-05-20,Superhost,1,Centro Storico,2,1,Entire home,4,130,35,4.8,4.89,4.77,4.97,5,4.77,4.8,0.3,Firenze,Early Winter,2,private,"43.77432, 11.24349",2024-12-15
3109752,17,2014-05-21,Host,4,Centro Storico,2,1,Entire home,4,134,311,4.95,4.94,4.97,4.95,4.97,4.91,4.91,2.83,Firenze,Early Winter,2,private,"43.77554, 11.26259",2024-12-15
2906854,31,2014-04-28,Superhost,1,Centro Storico,3,2,Entire home,6,151,192,4.94,4.95,4.93,4.96,4.97,4.94,4.88,1.65,Firenze,Early Winter,2,private,"43.77387, 11.26194",2024-12-15
3132430,10,2014-05-16,Superhost,1,Centro Storico,4,2,Entire home,5,98,190,4.63,4.83,4.94,4.73,4.79,4.76,4.69,1.64,Firenze,Early Winter,1,private,"43.77842, 11.25618",2024-12-15
2907153,0,2014-01-16,Host,1,Campo di Marte,3,2,Entire home,6,88,12,4.67,4.83,4.75,4.92,4.92,4.5,4.67,0.1,Firenze,Early Winter,1,private,"43.77279, 11.29597",2024-12-15
3137029,0,2012-08-20,Host,127,Centro Storico,1,1,Entire home,6,180,157,4.61,4.72,4.57,4.7,4.65,4.89,4.64,1.36,Firenze,Early Winter,2,private,"43.7664, 11.25209",2024-12-15
3143608,2,2014-05-25,Host,7,Gavinana Galluzzo,1,1,Entire home,12,108,39,4.95,4.89,4.95,5,4.92,4.92,4.78,0.37,Firenze,Early Winter,6,private,"43.75064, 11.25714",2024-12-15
2924637,8,2014-04-30,Host,3,Centro Storico,4,2,Entire home,5,271,75,4.89,4.91,4.92,4.95,4.84,4.78,4.77,0.64,Firenze,Early Winter,2,private,"43.77878, 11.2521",2024-12-15
2926152,0,2014-04-30,Host,1,Isolotto Legnaia,1,1,Entire home,2,45,121,4.77,4.85,4.94,4.88,4.87,4.58,4.75,1.04,Firenze,Early Winter,1,private,"43.77764, 11.21174",2024-12-15
3146250,0,2014-05-25,Host,2,Centro Storico,4,2,Entire home,4,43,237,4.52,4.65,4.77,4.77,4.86,4.44,4.57,2.05,Firenze,Early Winter,1,private,"43.78462, 11.2398",2024-12-15
3155737,7,2016-06-05,Host,2,Centro Storico,1,1,Entire home,2,143,32,4.75,4.78,4.88,4.94,4.91,4.91,4.72,0.28,Firenze,Early Winter,1,private,"43.77695, 11.2524",2024-12-15
3158932,41,2014-05-27,Superhost,3,Centro Storico,2,1,Entire home,4,407,298,4.94,4.94,4.95,4.99,4.98,4.97,4.91,2.64,Firenze,Early Winter,2,private,"43.7659, 11.25488",2024-12-15
3181678,10,2012-10-17,Host,8,Centro Storico,1,1,Entire home,2,160,27,4.93,5,4.93,4.89,4.93,4.96,4.89,0.23,Firenze,Early Winter,1,private,"43.7723, 11.25247",2024-12-15
2938034,10,2014-05-02,Superhost,3,Rifredi,4,2,Entire home,7,242,69,4.88,4.91,4.97,4.93,4.97,4.59,4.86,0.7,Firenze,Early Winter,2,private,"43.78969, 11.25614",2024-12-15
2939532,66,2012-04-28,Host,1,Centro Storico,1,1,Entire home,2,60,563,4.44,4.66,4.57,4.77,4.64,4.76,4.53,4.88,Firenze,Early Winter,1,private,"43.77311, 11.26518",2024-12-15
2947367,74,2014-05-03,Host,1,Centro Storico,2,1,Entire home,3,63,375,4.63,4.72,4.54,4.81,4.8,4.87,4.6,3.23,Firenze,Early Winter,1,private,"43.76821, 11.24498",2024-12-15
3196728,46,2013-03-22,Superhost,18,Centro Storico,3,2,Entire home,,237,347,4.75,4.86,4.74,4.81,4.76,4.97,4.75,3.01,Firenze,Early Winter,2,private,"43.77369, 11.25659",2024-12-15
2949440,0,2013-11-26,Host,10,Centro Storico,1,1,Private room,2,150,7,4.71,4.86,4.86,5,5,5,4.86,0.17,Firenze,Early Winter,1,private,"43.77365, 11.25715",2024-12-15
2976710,0,2014-04-28,Host,1,Centro Storico,2,1,Entire home,4,30,13,4.31,4.67,4.42,4.58,4.75,4.75,4.42,0.11,Firenze,Early Winter,1,private,"43.76911, 11.26318",2024-12-15
2982698,2,2014-05-07,Host,1,Centro Storico,2,1,Entire home,3,80,12,4.75,4.83,4.58,4.83,4.92,4.83,4.5,0.15,Firenze,Early Winter,1,private,"43.76772, 11.26649",2024-12-15
3210337,69,2012-09-25,Superhost,1,Centro Storico,4,2,Entire home,6,107,189,4.93,4.96,4.98,4.97,4.98,4.93,4.9,1.63,Firenze,Early Winter,3,private,"43.76875, 11.24249",2024-12-15
2983861,30,2014-05-07,Superhost,2,Centro Storico,2,1,Entire home,3,78,232,4.91,4.95,4.97,4.95,4.95,4.54,4.87,2.01,Firenze,Early Winter,1,private,"43.78208, 11.23332",2024-12-15
2994684,31,2014-05-08,Superhost,2,Centro Storico,6,3,Entire home,8,267,228,4.96,4.95,4.99,4.98,4.97,4.96,4.96,2.42,Firenze,Early Winter,2,private,"43.78046, 11.26108",2024-12-15
3002120,14,2014-05-09,Superhost,2,Campo di Marte,1,1,Private room,2,100,139,4.77,4.88,4.72,4.88,4.93,4.59,4.78,1.2,Firenze,Early Winter,1,shared,"43.79008865356445, 11.268916130065918",2024-12-15
3211564,0,2012-11-12,Host,7,Centro Storico,1,1,Private room,2,89,4,4.5,4.5,4.75,5,4.75,5,4.5,0.06,Firenze,Early Winter,1,private,"43.77219, 11.26386",2024-12-15
3020089,29,2014-05-11,Host,1,Campo di Marte,2,1,Entire home,4,58,143,4.58,4.72,4.73,4.9,4.85,4.3,4.63,1.23,Firenze,Early Winter,1,private,"43.77924, 11.27461",2024-12-15
3038081,0,2012-07-27,Host,12,Centro Storico,5,3,Entire home,5,150,121,4.88,4.96,4.87,4.97,4.97,4.93,4.89,1.05,Firenze,Early Winter,1,private,"43.76885, 11.26173",2024-12-15
3620320,0,2014-07-16,Host,2,Campo di Marte,2,1,Entire home,3,70,4,4.25,4.33,4.33,5,5,5,3.67,0.04,Firenze,Early Winter,1,private,"43.78213, 11.26844",2024-12-15
3211707,8,2012-11-12,Host,7,Centro Storico,2,1,Private room,3,97,10,4.5,4.3,4.8,4.4,4.6,4.9,4.6,0.49,Firenze,Early Winter,1,private,"43.77075, 11.26314",2024-12-15
3211840,1,2012-11-12,Host,7,Centro Storico,3,2,Private room,5,239,1,5,5,5,5,5,5,5,0.17,Firenze,Early Winter,2,private,"43.7727, 11.26173",2024-12-15
3214155,25,2014-06-02,Host,1,Centro Storico,2,1,Entire home,3,90,115,4.59,4.8,4.72,4.94,4.97,4.97,4.63,1,Firenze,Early Winter,1,private,"43.77513, 11.25322",2024-12-15
3630644,1,2014-04-23,Host,5,Campo di Marte,2,1,Entire home,2,100,4,4.25,4.5,4,4.75,4.5,5,4.5,0.04,Firenze,Early Winter,1,private,"43.77483, 11.27052",2024-12-15
3219365,42,2013-07-01,Host,8,Centro Storico,2,1,Private room,3,102,274,4.55,4.61,4.44,4.8,4.77,4.96,4.58,2.4,Firenze,Early Winter,1,shared,"43.7768, 11.2557",2024-12-15
3222567,26,2014-06-03,Superhost,2,Campo di Marte,2,1,Private room,3,43,305,4.8,4.92,4.69,4.95,4.93,4.57,4.84,2.63,Firenze,Early Winter,1,shared,"43.79648, 11.27292",2024-12-15
3632622,60,2014-07-18,Superhost,1,Centro Storico,1,1,Entire home,2,83,302,4.8,4.88,4.86,4.9,4.94,4.99,4.8,3.16,Firenze,Early Winter,1,private,"43.77183, 11.25689",2024-12-15
3222821,63,2014-06-03,Superhost,2,Centro Storico,2,1,Entire home,3,60,391,4.78,4.86,4.89,4.88,4.92,4.87,4.79,3.38,Firenze,Early Winter,1,private,"43.77983, 11.2573",2024-12-15
3651154,0,2014-07-20,Host,1,Centro Storico,2,1,Entire home,3,150,1,5,5,5,5,5,5,5,0.01,Firenze,Early Winter,1,private,"43.76456, 11.24618",2024-12-15
3651797,19,2014-07-18,Superhost,3,Centro Storico,3,2,Entire home,4,134,190,4.91,4.92,4.88,4.94,4.94,4.98,4.9,1.79,Firenze,Early Winter,2,private,"43.76889, 11.25243",2024-12-15
3233005,0,2012-11-12,Host,7,Centro Storico,1,1,Private room,2,81,1,4,5,5,5,5,5,5,0.01,Firenze,Early Winter,1,private,"43.77293, 11.2618",2024-12-15
3661294,54,2014-07-21,Host,3,Centro Storico,1,1,Entire home,2,70,366,4.48,4.63,4.49,4.74,4.8,4.83,4.53,3.2,Firenze,Early Winter,1,private,"43.76463, 11.24612",2024-12-15
3665034,39,2011-06-21,Host,14,Centro Storico,1,1,Private room,2,68,487,4.76,4.85,4.81,4.9,4.91,4.95,4.77,4.28,Firenze,Early Winter,1,private,"43.77562, 11.25472",2024-12-15
3669087,35,2011-06-21,Host,14,Centro Storico,1,1,Private room,2,56,463,4.73,4.84,4.75,4.91,4.87,4.94,4.75,4.05,Firenze,Early Winter,1,shared,"43.77593, 11.25558",2024-12-15
3676471,36,2011-06-21,Host,14,Centro Storico,1,1,Private room,1,52,515,4.78,4.89,4.79,4.93,4.92,4.95,4.77,4.52,Firenze,Early Winter,1,shared,"43.77562, 11.25472",2024-12-15
3680009,4,2013-06-11,Host,9,Centro Storico,7,3,Entire home,12,843,40,4.83,4.85,4.88,4.84,4.82,4.97,4.76,0.43,Firenze,Early Winter,4,private,"43.77147, 11.25886",2024-12-15
3233934,0,2012-12-27,Superhost,6,Rifredi,1,1,Private room,2,75,15,4.73,4.79,4.73,4.69,4.92,4.46,4.69,0.17,Firenze,Early Winter,3,private,"43.78329, 11.25258",2024-12-15
3243791,24,2014-06-03,Superhost,2,Campo di Marte,1,1,Private room,2,90,287,4.8,4.91,4.71,4.94,4.95,4.53,4.83,2.51,Firenze,Early Winter,1,shared,"43.79579, 11.27477",2024-12-15
3681050,10,2011-04-06,Host,44,Centro Storico,1,1,Entire home,2,125,52,4.6,4.75,4.71,4.79,4.88,4.87,4.6,0.46,Firenze,Early Winter,1,private,"43.76555, 11.25608",2024-12-15
3256833,6,2010-05-21,Superhost,15,Centro Storico,3,2,Entire home,4,159,230,4.87,4.92,4.92,4.91,4.91,4.98,4.85,2.02,Firenze,Early Winter,2,private,"43.77626, 11.25811",2024-12-15
3701707,59,2014-07-25,Superhost,1,Centro Storico,1,1,Entire home,2,91,394,4.76,4.85,4.87,4.91,4.93,4.93,4.78,3.47,Firenze,Early Winter,1,private,"43.765881, 11.248486",2024-12-15
3701865,16,2014-03-12,Superhost,11,Isolotto Legnaia,2,1,Entire home,2,91,62,4.97,4.97,4.95,4.98,4.97,4.85,4.9,0.64,Firenze,Early Winter,1,private,"43.77309, 11.23615",2024-12-15
3261372,26,2014-06-07,Superhost,3,Centro Storico,1,1,Entire home,2,107,175,4.9,4.91,4.98,4.97,4.97,4.92,4.87,1.52,Firenze,Early Winter,1,private,"43.76432, 11.24624",2024-12-15
3702923,14,2013-08-12,Superhost,18,Centro Storico,1,1,Entire home,2,82,64,4.83,4.78,4.86,4.7,4.78,4.88,4.88,0.57,Firenze,Early Winter,1,private,"43.78187, 11.25859",2024-12-15
3706449,7,2011-12-03,Host,2,Centro Storico,2,1,Entire home,2,98,20,4.9,4.95,4.6,4.8,4.85,5,4.9,0.72,Firenze,Early Winter,1,private,"43.77114, 11.26486",2024-12-15
3261877,26,2014-01-03,Superhost,8,Centro Storico,3,2,Private room,,42,221,4.76,4.91,4.86,4.87,4.89,4.86,4.81,1.91,Firenze,Early Winter,1,shared,"43.76906, 11.26524",2024-12-15
3706753,17,2012-04-14,Superhost,1,Centro Storico,3,2,Entire home,4,177,150,4.77,4.85,4.69,4.78,4.82,4.94,4.78,1.32,Firenze,Early Winter,1,private,"43.77173, 11.25718",2024-12-15
3706869,16,2013-07-30,Host,1,Centro Storico,2,1,Entire home,2,80,63,4.71,4.9,4.81,4.94,4.87,4.92,4.84,0.6,Firenze,Early Winter,1,private,"43.77586, 11.26349",2024-12-15
3711699,12,2013-03-22,Superhost,18,Centro Storico,2,1,Entire home,4,131,68,4.77,4.88,4.72,4.93,4.93,4.96,4.78,0.6,Firenze,Early Winter,1,private,"43.7743, 11.25655",2024-12-15
3714719,13,2014-06-20,Superhost,3,Campo di Marte,1,1,Entire home,2,70,20,4.85,4.8,4.9,4.84,4.9,4.58,4.79,0.2,Firenze,Early Winter,1,private,"43.79083, 11.28545",2024-12-15
3716493,35,2011-08-31,Superhost,13,Centro Storico,1,1,Private room,2,70,378,4.69,4.86,4.89,4.88,4.89,4.74,4.69,3.32,Firenze,Early Winter,1,private,"43.76932, 11.24029",2024-12-15
3716952,52,2011-08-31,Superhost,13,Centro Storico,1,1,Private room,2,70,494,4.71,4.85,4.89,4.84,4.89,4.69,4.66,4.34,Firenze,Early Winter,1,private,"43.76706, 11.24051",2024-12-15
3717563,51,2011-08-31,Superhost,13,Centro Storico,1,1,Private room,2,67,499,4.68,4.79,4.81,4.79,4.84,4.68,4.64,4.38,Firenze,Early Winter,1,private,"43.76917, 11.24048",2024-12-15
3262763,19,2014-01-03,Superhost,8,Centro Storico,2,1,Private room,2,43,184,4.73,4.88,4.8,4.88,4.91,4.86,4.71,1.63,Firenze,Early Winter,1,shared,"43.76906, 11.26524",2024-12-15
3263708,13,2014-06-04,Host,1,Campo di Marte,2,1,Entire home,4,96,18,4.89,4.83,4.67,4.94,5,4.56,4.83,0.16,Firenze,Early Winter,1,private,"43.7832, 11.28326",2024-12-15
3726359,39,2013-04-17,Superhost,14,Centro Storico,2,1,Entire home,4,140,232,4.88,4.93,4.89,4.88,4.87,4.99,4.88,2.05,Firenze,Early Winter,1,private,"43.76834, 11.25383",2024-12-15
3726420,52,2013-10-26,Superhost,11,Centro Storico,5,3,Entire home,7,266,350,4.83,4.87,4.93,4.95,4.94,4.99,4.83,3.21,Firenze,Early Winter,2,private,"43.77045, 11.25509",2024-12-15
3263791,26,2014-06-07,Superhost,1,Rifredi,3,2,Entire home,4,139,85,4.72,4.91,4.88,4.92,4.95,4.61,4.76,0.74,Firenze,Early Winter,1,private,"43.79204, 11.21437",2024-12-15
3266042,21,2013-04-30,Host,3,Centro Storico,1,1,Entire home,2,114,175,4.78,4.79,4.71,4.87,4.89,4.97,4.77,1.65,Firenze,Early Winter,1,private,"43.77203750610352, 11.256078720092772",2024-12-15
3726533,3,2014-07-28,Superhost,3,Centro Storico,5,3,Entire home,7,281,32,5,5,5,5,4.94,5,4.97,0.35,Firenze,Early Winter,2,private,"43.76507, 11.25735",2024-12-15
3750455,23,2014-07-30,Superhost,1,Centro Storico,2,1,Entire home,4,114,242,4.97,4.97,4.98,4.97,4.98,4.94,4.94,2.15,Firenze,Early Winter,1,private,"43.76832, 11.26647",2024-12-15
3753518,1,2014-07-28,Superhost,3,Centro Storico,4,2,Entire home,5,169,90,5,4.97,4.98,4.99,4.99,4.96,4.96,0.79,Firenze,Early Winter,2,private,"43.76511, 11.25721",2024-12-15
3758001,31,2011-06-21,Host,14,Centro Storico,1,1,Private room,2,59,496,4.69,4.84,4.79,4.91,4.9,4.87,4.69,4.38,Firenze,Early Winter,1,shared,"43.77562, 11.25364",2024-12-15
3268283,18,2014-06-02,Superhost,1,Centro Storico,1,1,Entire home,2,33,102,4.81,4.83,4.72,4.79,4.9,4.97,4.89,0.93,Firenze,Early Winter,1,private,"43.76613, 11.24447",2024-12-15
3758089,89,2012-05-24,Superhost,17,Centro Storico,1,1,Entire home,2,101,532,4.94,4.97,4.96,4.96,4.98,4.99,4.92,4.66,Firenze,Early Winter,1,private,"43.7739, 11.25754",2024-12-15
3270304,43,2014-06-01,Host,27,Centro Storico,5,3,Entire home,6,139,467,4.63,4.75,4.69,4.72,4.8,4.89,4.65,4.03,Firenze,Early Winter,1,private,"43.77677154541016, 11.25603199005127",2024-12-15
3764848,79,2014-08-01,Host,1,Centro Storico,2,1,Entire home,4,76,602,4.76,4.84,4.85,4.83,4.87,4.9,4.81,5.28,Firenze,Early Winter,1,private,"43.77605, 11.25493",2024-12-15
3275015,66,2011-08-29,Superhost,3,Rifredi,1,1,Private room,2,44,312,4.9,4.92,4.96,4.92,4.9,4.73,4.85,2.7,Firenze,Early Winter,1,private,"43.79107, 11.25006",2024-12-15
3767024,0,2014-07-20,Host,1,Centro Storico,2,1,Entire home,3,150,1,5,5,4,5,5,5,5,0.01,Firenze,Early Winter,1,private,"43.77875, 11.26302",2024-12-15
3776402,0,2013-03-22,Superhost,18,Centro Storico,2,1,Entire home,4,90,32,4.78,4.88,4.69,4.69,4.59,4.97,4.75,0.28,Firenze,Early Winter,1,private,"43.77286, 11.25802",2024-12-15
3279605,30,2014-06-09,Superhost,2,Campo di Marte,1,1,Private room,2,40,199,4.6,4.71,4.68,4.74,4.62,4.65,4.64,1.72,Firenze,Early Winter,1,private,"43.77258, 11.27299",2024-12-15
3279911,6,2014-06-09,Host,4,Centro Storico,3,2,Entire home,5,185,135,4.68,4.83,4.87,4.9,4.88,4.86,4.72,1.28,Firenze,Early Winter,1,private,"43.77774, 11.25311",2024-12-15
3281962,33,2013-12-02,Superhost,2,Centro Storico,2,1,Entire home,4,119,36,4.86,4.78,4.83,4.86,4.97,4.89,4.86,0.33,Firenze,Early Winter,1,private,"43.7722, 11.26422",2024-12-15
3777262,24,2014-06-10,Host,4,Centro Storico,4,2,Entire home,6,109,127,4.69,4.77,4.69,4.87,4.91,4.89,4.66,1.14,Firenze,Early Winter,1,private,"43.76834, 11.2653",2024-12-15
3295047,61,2014-06-11,Superhost,3,Centro Storico,2,1,Entire home,3,65,420,4.67,4.76,4.73,4.78,4.94,4.9,4.66,3.65,Firenze,Early Winter,1,private,"43.76503, 11.24795",2024-12-15
3801452,0,2014-08-05,Host,1,Centro Storico,3,2,Entire home,5,150,22,4.5,4.67,4.81,4.71,4.77,5,4.82,0.19,Firenze,Early Winter,1,private,"43.77004, 11.25608",2024-12-15
3296946,3,2014-03-18,Host,21,Centro Storico,1,1,Entire home,,90,23,4.3,4.57,4.17,4.57,4.7,4.78,4.3,0.23,Firenze,Early Winter,1,private,"43.76179, 11.26077",2024-12-15
3805230,55,2014-08-06,Host,2,Centro Storico,1,1,Entire home,2,74,478,4.76,4.86,4.76,4.93,4.95,4.93,4.77,4.24,Firenze,Early Winter,1,private,"43.77626, 11.25496",2024-12-15
3810760,43,2014-05-08,Superhost,1,Isolotto Legnaia,1,1,Entire home,2,76,275,4.87,4.93,4.94,4.96,4.96,4.78,4.9,2.42,Firenze,Early Winter,1,private,"43.77287, 11.23889",2024-12-15
3299228,19,2014-06-11,Superhost,1,Gavinana Galluzzo,1,1,Private room,2,65,46,4.93,4.91,4.93,4.96,4.96,4.71,4.86,0.44,Firenze,Early Winter,1,private,"43.73737, 11.22454",2024-12-15
3328916,1,2012-09-15,Host,4,Gavinana Galluzzo,2,1,Entire home,4,75,126,4.76,4.9,4.88,4.97,4.93,4.53,4.87,1.11,Firenze,Early Winter,1,private,"43.74899, 11.23413",2024-12-15
3817826,19,2010-10-30,Superhost,9,Centro Storico,4,2,Entire home,6,123,74,4.82,4.86,4.84,4.85,4.84,4.85,4.81,0.68,Firenze,Early Winter,1,private,"43.76848, 11.24579",2024-12-15
3345888,55,2014-06-14,Superhost,3,Centro Storico,4,2,Entire home,4,240,347,4.94,4.99,4.99,5,4.99,4.94,4.91,3.01,Firenze,Early Winter,2,private,"43.77023, 11.25446",2024-12-15
3348633,36,2014-06-17,Superhost,1,Centro Storico,2,1,Entire home,3,82,145,4.83,4.9,4.89,4.94,4.96,4.7,4.73,1.44,Firenze,Early Winter,1,private,"43.78472, 11.2412",2024-12-15
3825301,5,2014-08-08,Host,1,Isolotto Legnaia,4,2,Private room,8,63,36,4.78,4.71,4.81,4.86,4.94,4.46,4.69,0.39,Firenze,Early Winter,1,shared,"43.78607, 11.19834",2024-12-15
3825751,26,2013-09-15,Host,146,Centro Storico,1,1,Entire home,2,97,373,4.78,4.83,4.86,4.89,4.89,4.88,4.75,3.29,Firenze,Early Winter,1,private,"43.76935, 11.26416",2024-12-15
3349733,0,2012-11-15,Host,160,Centro Storico,1,1,Entire home,3,215,4,4.75,4.75,4.5,5,5,5,4.25,0.04,Firenze,Early Winter,1,private,"43.77198, 11.25011",2024-12-15
3831368,0,2013-10-26,Host,2,Centro Storico,1,1,Entire home,4,300,51,4.69,4.73,4.65,4.6,4.74,4.88,4.58,0.45,Firenze,Early Winter,1,private,"43.77352, 11.25849",2024-12-15
3846790,57,2013-07-30,Superhost,3,Centro Storico,1,1,Entire home,4,83,554,4.85,4.9,4.93,4.94,4.94,4.96,4.85,4.93,Firenze,Early Winter,1,private,"43.76996, 11.26273",2024-12-15
3351315,16,2014-06-17,Host,1,Centro Storico,1,1,Entire home,4,85,87,4.69,4.8,4.76,4.8,4.74,4.92,4.69,0.77,Firenze,Early Winter,1,private,"43.77015, 11.24369",2024-12-15
3353414,0,2013-05-16,Host,3,Rifredi,3,2,Private room,4,95,23,4.91,4.91,4.91,4.95,4.91,4.59,4.86,0.22,Firenze,Early Winter,1,private,"43.78579, 11.26164",2024-12-15
3355394,0,2014-06-17,Host,3,Centro Storico,2,1,Private room,2,38,10,4.2,4.7,4.2,4.7,4.6,4.9,4.2,0.09,Firenze,Early Winter,1,shared,"43.76973, 11.259",2024-12-15
3367863,53,2014-06-19,Host,2,Centro Storico,3,2,Entire home,5,235,307,4.9,4.94,4.95,4.88,4.84,4.99,4.88,2.67,Firenze,Early Winter,2,private,"43.7726, 11.25353",2024-12-15
3848386,0,2012-08-24,Host,11,Gavinana Galluzzo,2,1,Entire home,2,99,2,5,5,5,5,5,5,5,0.02,Firenze,Early Winter,1,private,"43.75721, 11.30482",2024-12-15
3378762,10,2014-06-20,Superhost,3,Campo di Marte,2,1,Entire home,2,55,46,4.72,4.8,4.78,4.93,4.89,4.72,4.65,0.44,Firenze,Early Winter,1,private,"43.79169, 11.28575",2024-12-15
3383433,37,2013-02-11,Host,4,Centro Storico,1,1,Entire home,2,86,442,4.52,4.75,4.58,4.85,4.87,4.82,4.53,3.83,Firenze,Early Winter,1,private,"43.77643, 11.26553",2024-12-15
3388649,0,2014-06-06,Host,1,Campo di Marte,3,2,Entire home,5,600,206,4.89,4.94,4.98,4.93,4.88,4.73,4.87,2,Firenze,Early Winter,1,private,"43.77287, 11.27559",2024-12-15
3391362,11,2014-06-22,Superhost,6,Centro Storico,1,1,Entire home,4,115,148,4.96,4.99,4.96,4.97,4.95,4.97,4.91,1.29,Firenze,Early Winter,1,private,"43.7772331237793, 11.255936622619627",2024-12-15
3850860,32,2015-02-04,Host,5,Centro Storico,2,1,Entire home,4,92,210,4.72,4.81,4.84,4.82,4.78,4.85,4.76,1.91,Firenze,Early Winter,1,private,"43.76775, 11.24665",2024-12-15
3398582,0,2014-06-22,Host,17,Centro Storico,3,2,Entire home,4,170,12,4.42,4.5,4.08,5,4.75,5,4.5,0.12,Firenze,Early Winter,2,private,"43.7682, 11.25191",2024-12-15
3400781,0,2014-06-23,Host,1,Rifredi,2,1,Entire home,4,95,27,4.7,4.85,4.63,4.85,4.93,4.33,4.85,0.26,Firenze,Early Winter,1,private,"43.80712, 11.23576",2024-12-15
3858036,2,2014-07-26,Host,1,Centro Storico,2,1,Entire home,5,135,128,4.88,4.95,4.93,4.91,4.86,4.96,4.79,1.13,Firenze,Early Winter,1,private,"43.7737, 11.26348",2024-12-15
3409682,0,2014-02-05,Host,3,Centro Storico,1,1,Private room,1,150,8,5,5,4.86,4.71,5,4.63,5,0.07,Firenze,Early Winter,1,private,"43.77341, 11.24273",2024-12-15
3881654,0,2014-08-15,Host,2,Centro Storico,1,1,Shared room,,150,289,4.47,4.47,4.65,4.68,4.65,4.85,4.56,2.65,Firenze,Early Winter,1,shared,"43.77525, 11.26435",2024-12-15
3412007,24,2014-06-24,Host,1,Centro Storico,3,2,Entire home,4,191,363,4.59,4.63,4.67,4.89,4.89,4.93,4.59,3.26,Firenze,Early Winter,2,private,"43.77304, 11.25152",2024-12-15
3887268,83,2014-08-16,Superhost,1,Centro Storico,2,1,Entire home,3,71,612,4.89,4.93,4.93,4.97,4.99,4.98,4.88,5.39,Firenze,Early Winter,1,private,"43.77535, 11.25925",2024-12-15
3424163,0,2014-06-25,Host,3,Rifredi,2,1,Entire home,3,45,1,5,5,3,5,5,5,5,0.02,Firenze,Early Winter,1,private,"43.7875, 11.25151",2024-12-15
3900391,81,2014-08-18,Host,3,Centro Storico,4,2,Entire home,4,72,293,4.33,4.61,4.24,4.78,4.78,4.75,4.42,2.59,Firenze,Early Winter,1,private,"43.77472, 11.25473",2024-12-15
3904431,57,2013-10-26,Superhost,11,Centro Storico,3,2,Entire home,4,190,380,4.87,4.9,4.92,4.94,4.95,4.99,4.87,3.59,Firenze,Early Winter,2,private,"43.76792, 11.25626",2024-12-15
3424172,0,2014-06-25,Host,3,Centro Storico,2,1,Entire home,2,45,256,4.55,4.73,4.39,4.88,4.9,4.86,4.63,2.23,Firenze,Early Winter,1,private,"43.76647, 11.24707",2024-12-15
3441668,23,2014-06-27,Host,3,Rifredi,1,1,Private room,2,41,83,4.7,4.87,4.74,4.84,4.87,4.54,4.63,0.73,Firenze,Early Winter,1,shared,"43.79028, 11.2528",2024-12-15
3908267,18,2011-10-27,Host,2,Campo di Marte,2,1,Entire home,4,121,174,4.85,4.91,4.97,4.93,4.93,4.58,4.77,1.8,Firenze,Early Winter,1,private,"43.79396, 11.27228",2024-12-15
3917522,0,2011-05-27,Host,7,Centro Storico,1,1,Entire home,2,116,57,4.7,4.57,4.82,4.82,4.88,4.75,4.65,0.51,Firenze,Early Winter,1,private,"43.77412, 11.24568",2024-12-15
3445134,126,2014-06-16,Superhost,6,Centro Storico,2,1,Entire home,3,101,890,4.86,4.88,4.91,4.94,4.96,4.99,4.85,7.79,Firenze,Early Winter,1,private,"43.7736, 11.25459",2024-12-15
3917762,19,2012-07-08,Superhost,2,Campo di Marte,1,1,Private room,1,50,36,4.83,4.86,4.67,4.94,4.94,4.53,4.78,0.32,Firenze,Early Winter,1,shared,"43.78496, 11.27605",2024-12-15
3920826,2,2012-08-24,Host,11,Gavinana Galluzzo,2,1,Private room,3,115,8,4.38,4.63,4.38,4.75,4.88,4.5,4,0.09,Firenze,Early Winter,1,private,"43.75753, 11.3038",2024-12-15
3445588,21,2013-02-12,Host,9,Centro Storico,2,1,Entire home,3,109,148,4.74,4.75,4.56,4.87,4.91,4.97,4.68,1.29,Firenze,Early Winter,1,private,"43.76973, 11.25326",2024-12-15
3460810,45,2014-02-03,Host,4,Centro Storico,1,1,Entire home,2,169,290,4.82,4.88,4.76,4.9,4.92,4.95,4.73,2.53,Firenze,Early Winter,1,private,"43.77594, 11.25921",2024-12-15
3935926,22,2013-11-30,Host,4,Rifredi,1,1,Private room,2,35,90,4.4,4.66,4.54,4.88,4.84,4.22,4.35,0.79,Firenze,Early Winter,1,private,"43.79356, 11.20957",2024-12-15
3936640,31,2014-06-08,Superhost,3,Campo di Marte,4,2,Entire home,7,93,235,4.73,4.8,4.78,4.96,4.9,4.6,4.65,2.09,Firenze,Early Winter,1,private,"43.80222702026367, 11.265674591064451",2024-12-15
3952711,19,2010-10-30,Superhost,9,Centro Storico,8,3,Entire home,12,387,79,4.77,4.82,4.82,4.78,4.86,4.73,4.76,0.71,Firenze,Early Winter,3,private,"43.77958, 11.25569",2024-12-15
3462343,53,2014-06-30,Superhost,1,Centro Storico,3,2,Entire home,4,120,498,4.77,4.84,4.67,4.94,4.96,4.97,4.78,4.41,Firenze,Early Winter,1,private,"43.77146530151367, 11.259933471679688",2024-12-15
3466576,0,2014-06-30,Host,1,Centro Storico,2,1,Entire home,2,150,100,4.79,4.9,4.97,4.95,4.93,4.61,4.79,0.88,Firenze,Early Winter,1,private,"43.77965, 11.23654",2024-12-15
3961352,0,2014-08-25,Host,2,Centro Storico,1,1,Entire home,2,150,86,4.97,4.98,4.99,4.91,5,4.96,4.96,1.1,Firenze,Early Winter,1,private,"43.77194, 11.2459",2024-12-15
3967161,4,2014-03-18,Host,21,Centro Storico,4,2,Entire home,4,113,9,4.56,4.67,4.33,4.78,4.78,5,4.56,0.08,Firenze,Early Winter,2,private,"43.76801, 11.25871",2024-12-15
3970408,2,2013-04-11,Host,9,Centro Storico,1,1,Entire home,2,287,76,4.82,4.87,4.91,4.84,4.83,4.93,4.8,0.84,Firenze,Early Winter,1,private,"43.770914, 11.259657",2024-12-15
3484579,19,2014-06-30,Superhost,2,Centro Storico,1,1,Entire home,2,75,48,4.69,4.85,4.73,4.96,4.96,4.92,4.73,0.48,Firenze,Early Winter,1,private,"43.7752, 11.25203",2024-12-15
3970420,27,2014-08-26,Host,2,Centro Storico,1,1,Entire home,2,83,248,4.7,4.78,4.73,4.91,4.92,4.81,4.67,2.2,Firenze,Early Winter,1,private,"43.77272, 11.26902",2024-12-15
3485116,32,2014-06-30,Superhost,2,Centro Storico,1,1,Entire home,4,126,104,4.9,4.92,4.87,4.94,4.94,4.97,4.88,0.92,Firenze,Early Winter,1,private,"43.775127, 11.252035",2024-12-15
3495018,22,2014-07-03,Superhost,3,Centro Storico,2,1,Entire home,4,96,149,4.85,4.95,4.89,4.92,4.93,4.98,4.86,1.33,Firenze,Early Winter,2,private,"43.76785, 11.25105",2024-12-15
3989110,0,2014-08-29,Host,1,Campo di Marte,4,2,Private room,4,70,132,4.81,4.86,4.95,4.92,4.92,4.65,4.75,1.21,Firenze,Early Winter,1,private,"43.79857, 11.26336",2024-12-15
3990481,7,2014-08-29,Host,9,Centro Storico,2,1,Entire home,4,117,33,4.64,4.97,4.67,4.85,4.79,4.91,4.64,0.29,Firenze,Early Winter,1,private,"43.765347, 11.248863",2024-12-15
3991385,26,2014-08-28,Superhost,5,Centro Storico,2,1,Entire home,2,96,237,4.91,4.93,4.96,4.98,4.97,4.93,4.9,2.1,Firenze,Early Winter,1,private,"43.77107, 11.26446",2024-12-15
3502517,64,2014-07-04,Host,3,Centro Storico,2,1,Entire home,3,90,181,4.64,4.75,4.65,4.84,4.78,4.91,4.72,1.61,Firenze,Early Winter,1,private,"43.76667, 11.25236",2024-12-15
3997232,16,2012-06-27,Superhost,1,Centro Storico,1,1,Entire home,2,80,67,4.79,4.88,4.66,4.91,4.94,4.87,4.76,1.15,Firenze,Early Winter,1,private,"43.76428, 11.26496",2024-12-15
4003502,29,2014-08-30,Host,2,Centro Storico,3,2,Entire home,,80,197,4.56,4.74,4.64,4.85,4.85,4.46,4.62,1.76,Firenze,Early Winter,2,private,"43.78329, 11.24088",2024-12-15
4012237,0,2014-09-01,Host,2,Isolotto Legnaia,4,2,Entire home,4,70,1,5,5,5,5,5,5,5,0.01,Firenze,Early Winter,1,private,"43.77346, 11.21652",2024-12-15
3502833,0,2014-07-04,Host,3,Centro Storico,3,2,Entire home,4,60,158,4.78,4.85,4.85,4.91,4.84,4.82,4.75,1.39,Firenze,Early Winter,1,private,"43.76741, 11.24328",2024-12-15
3507637,0,2014-07-05,Host,1,Centro Storico,2,1,Entire home,4,90,95,4.85,4.95,4.93,4.88,4.95,4.9,4.84,0.84,Firenze,Early Winter,1,private,"43.77764, 11.25405",2024-12-15
4019606,52,2014-09-02,Superhost,1,Centro Storico,5,3,Entire home,8,166,275,4.9,4.93,4.93,4.94,4.96,4.97,4.89,2.44,Firenze,Early Winter,1,private,"43.77156, 11.2548",2024-12-15
4020692,1,2012-11-15,Host,160,Centro Storico,5,3,Entire home,6,531,39,4.64,4.85,4.54,4.64,4.67,4.89,4.71,0.35,Firenze,Early Winter,3,private,"43.77464, 11.26209",2024-12-15
4024081,19,2014-09-02,Host,12,Centro Storico,2,1,Entire home,2,110,191,4.72,4.72,4.74,4.92,4.94,4.98,4.72,1.71,Firenze,Early Winter,1,private,"43.7719, 11.2562",2024-12-15
3509305,36,2013-07-20,Host,4,Centro Storico,2,1,Entire home,4,133,36,4.72,4.78,4.53,4.94,4.92,4.89,4.64,3.56,Firenze,Early Winter,2,private,"43.77802276611328, 11.253833770751951",2024-12-15
3516961,39,2014-07-02,Superhost,1,Centro Storico,4,2,Entire home,4,145,162,4.85,4.88,4.85,4.89,4.87,4.96,4.82,1.45,Firenze,Early Winter,1,private,"43.76802, 11.26179",2024-12-15
3519323,4,2014-07-06,Host,1,Rifredi,3,2,Entire home,5,150,22,4.55,4.73,4.36,4.95,4.86,4.55,4.59,0.19,Firenze,Early Winter,1,private,"43.79363, 11.24244",2024-12-15
4030783,2,2014-01-05,Host,2,Campo di Marte,6,3,Entire home,6,400,21,4.57,4.76,4.57,4.9,5,4.86,4.52,0.2,Firenze,Early Winter,2,private,"43.81013, 11.27106",2024-12-15
3520071,10,2014-03-25,Superhost,2,Centro Storico,4,2,Entire home,4,80,77,4.86,4.9,4.96,4.99,5,4.92,4.96,0.74,Firenze,Early Winter,2,private,"43.77857, 11.25673",2024-12-15
3523706,0,2014-06-05,Host,1,Centro Storico,1,1,Private room,2,150,18,4.89,5,5,5,5,5,4.89,0.32,Firenze,Early Winter,1,private,"43.76691, 11.26132",2024-12-15
4035109,3,2020-01-09,Superhost,26,Centro Storico,2,1,Entire home,3,425,148,4.72,4.84,4.89,4.95,4.88,4.85,4.77,1.31,Firenze,Early Winter,1,private,"43.76452, 11.24686",2024-12-15
4039184,18,2014-09-04,Superhost,1,Centro Storico,1,1,Entire home,2,111,192,4.9,4.97,4.97,4.98,4.96,4.98,4.89,1.71,Firenze,Early Winter,1,private,"43.76973, 11.26022",2024-12-15
4047349,13,2014-09-02,Host,12,Centro Storico,3,2,Entire home,4,50,170,4.78,4.73,4.86,4.89,4.92,4.96,4.76,1.56,Firenze,Early Winter,1,private,"43.77184, 11.25598",2024-12-15
3543090,36,2012-04-16,Superhost,2,Centro Storico,2,1,Entire home,3,105,252,4.67,4.83,4.45,4.81,4.82,4.92,4.7,2.32,Firenze,Early Winter,1,private,"43.76634, 11.24926",2024-12-15
3549923,36,2013-03-26,Superhost,2,Centro Storico,2,1,Entire home,3,150,173,4.95,4.98,4.97,4.95,4.98,4.96,4.92,1.66,Firenze,Early Winter,1,private,"43.77027836065488, 11.260406892716498",2024-12-15
4053373,0,2014-08-30,Host,1,Campo di Marte,1,1,Private room,2,999,64,4.95,4.97,4.97,4.97,4.98,4.83,4.95,0.57,Firenze,Early Winter,1,private,"43.78453, 11.26328",2024-12-15
4054458,0,2014-09-04,Host,2,Campo di Marte,3,2,Entire home,5,100,11,4.73,4.91,4.82,4.91,4.82,4.82,4.91,0.12,Firenze,Early Winter,1,private,"43.76656, 11.27664",2024-12-15
4055019,30,2014-09-07,Superhost,1,Centro Storico,2,1,Entire home,3,125,252,4.96,4.97,4.96,4.99,4.99,4.91,4.94,2.25,Firenze,Early Winter,2,private,"43.76985, 11.24183",2024-12-15
3551220,8,2014-07-09,Superhost,8,Centro Storico,1,1,Entire home,2,76,416,4.73,4.83,4.91,4.79,4.79,4.95,4.71,3.63,Firenze,Early Winter,1,private,"43.77075, 11.25001",2024-12-15
4056186,3,2014-09-02,Host,12,Centro Storico,10,4,Entire home,10,110,77,4.7,4.74,4.74,4.88,4.87,5,4.72,0.69,Firenze,Early Winter,2,private,"43.7719, 11.2562",2024-12-15
4064375,17,2014-09-08,Host,4,Centro Storico,2,1,Entire home,4,97,33,4.63,4.83,4.6,4.94,4.91,5,4.51,0.29,Firenze,Early Winter,1,private,"43.76905059814453, 11.258051872253418",2024-12-15
3551453,0,2014-07-09,Superhost,8,Centro Storico,1,1,Entire home,2,150,384,4.62,4.84,4.91,4.78,4.76,4.91,4.66,3.35,Firenze,Early Winter,1,private,"43.77028, 11.25165",2024-12-15
3575015,0,2014-07-12,Host,2,Campo di Marte,1,1,Private room,2,36,42,4.69,4.85,4.86,4.88,4.93,4.29,4.52,0.4,Firenze,Early Winter,1,private,"43.76709, 11.28558",2024-12-15
4065316,87,2013-09-15,Superhost,5,Centro Storico,1,1,Entire home,2,67,570,4.79,4.91,4.9,4.91,4.88,4.94,4.84,5.18,Firenze,Early Winter,1,private,"43.76947, 11.2616",2024-12-15
4073240,9,2014-04-21,Host,12,Centro Storico,1,1,Entire home,2,136,38,4.42,4.46,4.65,4.84,4.58,4.79,4.29,0.34,Firenze,Early Winter,1,private,"43.76802, 11.24469",2024-12-15
3601979,0,2014-07-15,Host,1,Centro Storico,1,1,Private room,2,35,26,4.92,4.96,4.96,5,5,4.81,4.85,0.38,Firenze,Early Winter,1,shared,"43.78764, 11.23015",2024-12-15
4079750,31,2012-11-06,Superhost,1,Campo di Marte,1,1,Private room,1,47,63,4.76,4.78,4.84,4.87,4.86,4.65,4.7,0.58,Firenze,Early Winter,1,private,"43.76584, 11.2807",2024-12-15
3608433,0,2014-07-16,Host,2,Campo di Marte,2,1,Entire home,3,51,13,4.08,4.42,3.92,4.5,4.42,4.58,4.17,0.12,Firenze,Early Winter,1,private,"43.78116, 11.26621",2024-12-15
4080999,8,2014-04-22,Host,3,Centro Storico,2,1,Entire home,4,174,30,5,4.93,4.93,4.83,4.97,4.97,4.9,0.27,Firenze,Early Winter,1,private,"43.77144, 11.25616",2024-12-15
4081527,34,2013-12-08,Superhost,1,Centro Storico,1,1,Entire home,4,86,300,4.92,4.95,4.94,4.96,4.98,4.96,4.92,2.66,Firenze,Early Winter,1,private,"43.77677, 11.25468",2024-12-15
3609180,4,2014-06-12,Host,6,Campo di Marte,1,1,Private room,,36,353,4.54,4.72,4.66,4.7,4.7,4.38,4.56,3.1,Firenze,Early Winter,1,shared,"43.79033, 11.27448",2024-12-15
4085251,3,2014-09-10,Superhost,5,Rifredi,1,1,Private room,2,58,4,5,5,5,5,5,5,5,0.08,Firenze,Early Winter,2,shared,"43.79208, 11.24614",2024-12-15
4098868,0,2014-09-12,Host,1,Centro Storico,3,2,Entire home,5,86,117,4.62,4.75,4.79,4.85,4.88,4.65,4.59,1.1,Firenze,Early Winter,1,private,"43.78054, 11.25257",2024-12-15
4179693,27,2012-08-20,Host,127,Centro Storico,2,1,Entire home,4,131,78,4.4,4.52,4.51,4.48,4.46,4.87,4.39,0.71,Firenze,Early Winter,2,private,"43.76693, 11.25366",2024-12-15
4107010,63,2014-09-14,Superhost,6,Centro Storico,2,1,Entire home,4,60,374,4.85,4.93,4.93,4.9,4.97,4.97,4.89,3.32,Firenze,Early Winter,1,private,"43.77537, 11.25523",2024-12-15
4109647,92,2012-05-24,Superhost,17,Centro Storico,2,1,Entire home,4,119,442,4.97,4.98,4.97,4.97,4.99,4.99,4.95,3.93,Firenze,Early Winter,1,private,"43.7739, 11.25754",2024-12-15
4179786,31,2014-01-31,Host,1,Centro Storico,2,1,Entire home,3,80,66,4.86,4.86,4.83,4.76,4.95,4.97,4.82,0.59,Firenze,Early Winter,1,private,"43.77149, 11.25939",2024-12-15
4186112,51,2014-09-16,Superhost,2,Centro Storico,1,1,Entire home,2,81,339,4.86,4.94,4.93,4.96,4.99,4.99,4.8,3.04,Firenze,Early Winter,1,private,"43.76922, 11.25432",2024-12-15
4122511,71,2014-09-15,Superhost,5,Centro Storico,4,2,Entire home,6,121,507,4.76,4.85,4.63,4.93,4.87,4.9,4.78,4.66,Firenze,Early Winter,2,private,"43.77839, 11.25483",2024-12-15
4125088,35,2012-06-08,Superhost,3,Centro Storico,3,2,Entire home,4,153,271,4.89,4.91,4.91,4.99,5,4.95,4.83,2.41,Firenze,Early Winter,1,private,"43.77684, 11.25203",2024-12-15
4186339,53,2014-09-16,Superhost,2,Centro Storico,3,2,Entire home,5,281,329,4.92,4.96,4.96,4.98,4.99,4.99,4.9,2.94,Firenze,Early Winter,2,private,"43.7693, 11.25434",2024-12-15
4186393,0,2013-04-11,Host,9,Centro Storico,2,1,Entire home,4,238,103,4.57,4.69,4.7,4.77,4.78,4.83,4.6,0.92,Firenze,Early Winter,1,private,"43.77183, 11.26002",2024-12-15
4187521,26,2013-12-13,Superhost,2,Centro Storico,3,2,Entire home,4,160,125,4.88,4.91,4.95,4.97,4.98,4.99,4.87,1.86,Firenze,Early Winter,1,private,"43.7673, 11.25343",2024-12-15
4125421,4,2014-09-07,Host,5,Campo di Marte,4,2,Entire home,4,148,41,4.85,4.95,4.95,5,4.95,4.76,4.85,0.39,Firenze,Early Winter,2,private,"43.7804, 11.26658",2024-12-15
4189641,43,2014-07-03,Host,3,Centro Storico,1,1,Entire home,2,65,401,4.78,4.87,4.81,4.92,4.91,4.81,4.75,3.6,Firenze,Early Winter,1,private,"43.76765, 11.24174",2024-12-15
4193637,43,2013-05-27,Host,15,Centro Storico,5,3,Entire home,8,259,298,4.75,4.75,4.75,4.87,4.89,4.95,4.76,2.68,Firenze,Early Winter,3,private,"43.76959, 11.2548",2024-12-15
4194520,32,2014-07-30,Superhost,4,Centro Storico,1,1,Entire home,2,130,241,4.95,4.94,4.95,4.98,4.99,4.94,4.9,2.33,Firenze,Early Winter,1,private,"43.77336, 11.26261",2024-12-15
4150561,17,2014-09-19,Superhost,1,Centro Storico,1,1,Entire home,3,146,160,4.71,4.78,4.86,4.9,4.83,4.9,4.73,1.77,Firenze,Early Winter,1,private,"43.76287, 11.26061",2024-12-15
4173866,0,2012-11-15,Host,160,Centro Storico,2,1,Entire home,5,271,2,4,4,4,5,4,4,5,0.02,Firenze,Early Winter,1,private,"43.77016, 11.26218",2024-12-15
4176197,67,2012-11-27,Superhost,34,Centro Storico,2,1,Entire home,4,90,701,4.83,4.89,4.87,4.89,4.97,4.89,4.79,6.28,Firenze,Early Winter,1,private,"43.77881, 11.25265",2024-12-15
4195746,0,2014-09-25,Host,1,Rifredi,3,2,Entire home,6,82,5,5,4.8,5,4.6,5,4.6,4.6,0.05,Firenze,Early Winter,2,private,"43.78476, 11.25693",2024-12-15
4669002,57,2014-10-09,Superhost,4,Centro Storico,4,2,Entire home,6,196,259,4.92,4.94,4.98,4.98,4.98,5,4.9,2.41,Firenze,Early Winter,2,private,"43.77024, 11.25399",2024-12-15
4205398,46,2014-09-26,Host,1,Centro Storico,2,1,Entire home,4,127,339,4.75,4.85,4.69,4.76,4.81,4.98,4.85,3.04,Firenze,Early Winter,2,private,"43.7702, 11.25533",2024-12-15
4670644,0,2014-11-25,Host,1,Centro Storico,4,2,Entire home,4,200,3,4.67,4.67,4.67,5,5,5,4.67,0.03,Firenze,Early Winter,2,private,"43.76836, 11.24513",2024-12-15
4673216,73,2014-11-26,Superhost,4,Centro Storico,1,1,Private room,2,53,336,4.56,4.71,4.8,4.79,4.76,4.59,4.57,3.08,Firenze,Early Winter,1,shared,"43.77945, 11.24085",2024-12-15
4674479,7,2011-09-16,Host,2,Campo di Marte,4,2,Entire home,5,145,131,4.84,4.92,4.95,4.98,4.99,4.67,4.8,1.24,Firenze,Early Winter,2,private,"43.7821, 11.2705",2024-12-15
4678651,17,2014-11-26,Superhost,2,Rifredi,3,2,Entire home,6,200,25,4.88,4.84,4.8,4.88,4.96,4.6,4.64,1.14,Firenze,Early Winter,1,private,"43.78681, 11.24866",2024-12-15
4685513,18,2013-06-30,Host,8,Centro Storico,2,1,Private room,2,4,261,4.61,4.79,4.77,4.79,4.84,4.33,4.61,2.38,Firenze,Early Winter,2,shared,"43.7849235534668, 11.231947898864746",2024-12-15
4699363,1,2012-11-15,Host,160,Centro Storico,3,2,Entire home,4,296,5,4,4,4.4,4,4.4,5,3.8,0.05,Firenze,Early Winter,1,private,"43.76749, 11.25173",2024-12-15
4216999,22,2014-09-28,Host,2,Centro Storico,10,4,Entire home,10,229,178,4.86,4.94,4.9,4.88,4.89,4.62,4.85,1.77,Firenze,Early Winter,2,private,"43.7821, 11.24311",2024-12-15
4706792,23,2013-03-21,Host,4,Centro Storico,2,1,Entire home,4,101,46,4.52,4.67,4.5,4.85,4.76,4.67,4.54,0.44,Firenze,Early Winter,1,private,"43.77475, 11.24433",2024-12-15
4707713,43,2014-05-28,Superhost,2,Centro Storico,2,1,Entire home,4,100,344,4.87,4.9,4.85,4.87,4.89,4.96,4.86,3.15,Firenze,Early Winter,1,private,"43.76703, 11.25076",2024-12-15
4716146,23,2010-05-21,Superhost,15,Centro Storico,6,3,Entire home,7,311,110,4.77,4.88,4.85,4.95,4.89,4.98,4.8,1.01,Firenze,Early Winter,3,private,"43.77045, 11.25141",2024-12-15
4228146,0,2014-09-30,Host,4,Centro Storico,3,2,Entire home,5,150,1,5,5,5,5,5,4,5,0.01,Firenze,Early Winter,2,private,"43.76797, 11.26619",2024-12-15
4721433,12,2014-02-15,Superhost,3,Centro Storico,6,3,Entire home,6,144,112,4.83,4.88,4.88,4.78,4.89,4.86,4.84,1.03,Firenze,Early Winter,2,private,"43.76953, 11.26257",2024-12-15
4723614,0,2014-12-02,Host,5,Centro Storico,1,1,Entire home,2,71,50,4.62,4.72,4.78,4.9,4.86,4.84,4.56,0.47,Firenze,Early Winter,1,private,"43.77478, 11.24855",2024-12-15
4727977,2,2014-06-22,Host,17,Centro Storico,4,2,Entire home,5,215,4,4.75,5,4.75,5,4.75,5,4.5,0.04,Firenze,Early Winter,1,private,"43.77033, 11.26222",2024-12-15
4230920,15,2013-10-26,Superhost,11,Centro Storico,4,2,Entire home,6,186,236,4.74,4.84,4.86,4.91,4.93,4.88,4.74,2.23,Firenze,Early Winter,2,private,"43.77397, 11.2479",2024-12-15
4231275,12,2014-09-30,Superhost,2,Centro Storico,1,1,Entire home,2,69,69,4.86,4.91,4.93,4.99,4.99,4.97,4.74,0.63,Firenze,Early Winter,1,private,"43.76955, 11.26565",2024-12-15
4729726,0,2012-11-15,Host,160,Centro Storico,4,2,Entire home,6,219,8,4.38,4.63,4,4.75,4.25,4.88,4.5,0.08,Firenze,Early Winter,1,private,"43.77506, 11.25511",2024-12-15
4731063,0,2018-05-16,Host,4,Centro Storico,2,1,Entire home,4,65,144,4.22,4.4,4.2,4.58,4.6,4.89,4.36,1.39,Firenze,Early Winter,2,private,"43.77597, 11.25483",2024-12-15
4735566,7,2014-11-17,Host,4,Campo di Marte,1,1,Entire home,2,108,12,4.5,4.58,4.58,4.92,4.92,4.5,4.08,0.17,Firenze,Early Winter,1,private,"43.76897048950195, 11.274044036865234",2024-12-15
4234656,30,2014-09-30,Superhost,2,Centro Storico,2,1,Entire home,4,274,190,4.96,4.96,4.96,4.99,4.99,4.96,4.89,2.06,Firenze,Early Winter,2,private,"43.76565, 11.25352",2024-12-15
4743897,0,2014-11-29,Host,1,Campo di Marte,2,1,Entire home,4,73,71,4.75,4.75,4.86,4.75,4.8,4.4,4.72,0.66,Firenze,Early Winter,1,private,"43.80322, 11.27049",2024-12-15
4751284,16,2011-09-20,Superhost,48,Centro Storico,2,1,Entire home,3,181,321,4.79,4.82,4.83,4.96,4.95,4.96,4.76,3,Firenze,Early Winter,1,private,"43.76858, 11.25366",2024-12-15
4755299,27,2011-08-31,Superhost,13,Isolotto Legnaia,4,2,Entire home,8,271,70,4.89,4.87,4.87,4.96,4.96,4.8,4.86,0.85,Firenze,Early Winter,4,private,"43.76729, 11.23908",2024-12-15
4756096,0,2012-10-09,Superhost,7,Centro Storico,1,1,Entire home,2,245,10,4.9,4.9,5,5,5,4.9,4.9,0.09,Firenze,Early Winter,1,private,"43.7736, 11.26676",2024-12-15
4766001,34,2012-10-07,Superhost,5,Centro Storico,3,2,Entire home,6,132,316,4.59,4.75,4.66,4.78,4.74,4.92,4.68,2.89,Firenze,Early Winter,1,private,"43.77669, 11.25214",2024-12-15
4240452,15,2014-10-01,Host,1,Centro Storico,2,1,Entire home,4,127,88,4.76,4.89,4.8,4.94,4.89,4.94,4.79,0.84,Firenze,Early Winter,1,private,"43.77026, 11.25854",2024-12-15
4770753,24,2013-01-06,Superhost,14,Centro Storico,2,1,Entire home,4,176,139,4.86,4.93,4.96,4.98,4.99,4.96,4.83,1.31,Firenze,Early Winter,2,private,"43.77199, 11.25037",2024-12-15
4244340,0,2013-02-10,Host,5,Centro Storico,6,3,Entire home,,150,117,4.75,4.84,4.8,4.88,4.87,4.84,4.82,1.05,Firenze,Early Winter,2,private,"43.77998, 11.25044",2024-12-15
4244403,0,2013-02-10,Host,5,Centro Storico,4,2,Entire home,7,150,179,4.61,4.78,4.61,4.87,4.89,4.92,4.73,1.91,Firenze,Early Winter,2,private,"43.77266, 11.24706",2024-12-15
4770994,97,2014-12-08,Host,3,Centro Storico,2,1,Entire home,4,48,818,4.68,4.81,4.73,4.86,4.78,4.78,4.74,7.71,Firenze,Early Winter,1,private,"43.76882, 11.2416",2024-12-15
4248639,23,2013-07-03,Superhost,13,Centro Storico,3,2,Entire home,6,238,43,4.86,4.84,4.84,4.93,4.91,4.91,4.56,0.39,Firenze,Early Winter,2,private,"43.77352, 11.253",2024-12-15
4265621,20,2011-04-06,Host,44,Centro Storico,1,1,Entire home,2,145,281,4.74,4.82,4.75,4.86,4.87,4.96,4.72,2.53,Firenze,Early Winter,1,private,"43.76611, 11.25445",2024-12-15
4269634,0,2014-10-05,Host,1,Centro Storico,2,1,Entire home,4,53,7,4.57,5,4.71,4.86,5,4.43,4.29,0.07,Firenze,Early Winter,1,private,"43.78025, 11.24429",2024-12-15
4773345,10,2014-12-08,Host,2,Centro Storico,2,1,Entire home,3,200,104,4.33,4.53,4.43,4.57,4.62,4.92,4.33,0.95,Firenze,Early Winter,1,private,"43.77015, 11.25985",2024-12-15
4773534,10,2014-12-08,Host,3,Campo di Marte,4,2,Entire home,5,170,84,4.8,4.89,4.81,4.93,4.89,4.76,4.73,0.78,Firenze,Early Winter,2,private,"43.77621, 11.2728",2024-12-15
4272854,0,2013-07-12,Host,37,Campo di Marte,2,1,Entire home,4,130,12,4.25,4.33,4.25,4.33,4.5,4.67,4.17,0.11,Firenze,Early Winter,1,private,"43.77059, 11.27205",2024-12-15
4275770,6,2014-04-21,Host,12,Centro Storico,2,1,Entire home,4,286,15,4.27,4.2,4.53,4.33,4.27,4.53,3.93,0.14,Firenze,Early Winter,1,private,"43.76961, 11.24649",2024-12-15
4284132,3,2014-09-16,Superhost,4,Centro Storico,2,1,Entire home,1,38,11,4.45,4.55,4.45,4.73,4.73,4.73,4.45,0.14,Firenze,Early Winter,1,private,"43.76679, 11.24407",2024-12-15
4797639,3,2012-08-05,Superhost,6,Centro Storico,3,2,Entire home,5,507,8,5,5,4.88,5,5,5,4.75,0.1,Firenze,Early Winter,3,private,"43.76617, 11.25286",2024-12-15
4284545,3,2014-04-10,Superhost,5,Rifredi,3,2,Private room,2,60,103,4.7,4.68,4.6,4.89,4.89,4.6,4.61,0.94,Firenze,Early Winter,1,shared,"43.79108, 11.25296",2024-12-15
4292294,0,2013-05-28,Host,2,Centro Storico,1,1,Entire home,2,136,9,5,5,4.89,5,4.89,5,5,0.08,Firenze,Early Winter,1,private,"43.7738, 11.26364",2024-12-15
4815489,42,2014-12-13,Superhost,1,Centro Storico,2,1,Entire home,4,201,258,4.9,4.96,4.91,4.98,4.99,4.98,4.89,3.38,Firenze,Early Winter,1,private,"43.77854, 11.25801",2024-12-15
4818200,19,2013-04-16,Superhost,3,Centro Storico,1,1,Entire home,2,66,289,4.72,4.88,4.88,4.78,4.84,4.85,4.75,2.65,Firenze,Early Winter,2,private,"43.77387, 11.24352",2024-12-15
4302124,43,2014-10-09,Superhost,4,Centro Storico,1,1,Entire home,2,153,241,4.95,4.98,4.99,4.95,4.98,5,4.92,2.26,Firenze,Early Winter,1,private,"43.77031, 11.25205",2024-12-15
4818376,69,2014-06-02,Superhost,4,Centro Storico,2,1,Entire home,2,101,410,4.94,4.96,4.98,4.96,4.98,4.87,4.9,3.81,Firenze,Early Winter,1,private,"43.77128, 11.26423",2024-12-15
4308121,74,2012-05-13,Superhost,6,Centro Storico,3,2,Entire home,6,123,378,4.9,4.95,4.95,4.92,4.92,4.91,4.9,3.39,Firenze,Early Winter,1,private,"43.77257, 11.26327",2024-12-15
4309387,85,2014-10-10,Host,1,Centro Storico,4,2,Entire home,4,66,513,4.51,4.75,4.51,4.79,4.81,4.8,4.58,4.63,Firenze,Early Winter,1,private,"43.77128, 11.26451",2024-12-15
4822173,12,2012-05-22,Superhost,14,Centro Storico,1,1,Entire home,2,59,303,4.79,4.84,4.95,4.92,4.95,4.88,4.8,2.78,Firenze,Early Winter,1,private,"43.77342, 11.26372",2024-12-15
4830029,2,2014-05-25,Host,7,Gavinana Galluzzo,4,2,Entire home,4,147,6,4.67,5,4.67,5,4.83,5,4.67,0.06,Firenze,Early Winter,2,private,"43.7504, 11.25508",2024-12-15
4313282,7,2011-01-18,Superhost,10,Centro Storico,1,1,Entire home,2,91,236,4.76,4.88,4.8,4.91,4.93,4.98,4.79,2.26,Firenze,Early Winter,1,private,"43.77345, 11.25898",2024-12-15
4314349,2,2014-04-13,Host,2,Centro Storico,1,1,Entire home,4,112,105,4.67,4.73,4.83,4.8,4.83,4.46,4.61,0.99,Firenze,Early Winter,1,private,"43.78765, 11.23091",2024-12-15
4830227,94,2014-12-15,Host,2,Centro Storico,3,2,Entire home,4,94,583,4.79,4.84,4.78,4.94,4.93,4.97,4.82,5.35,Firenze,Early Winter,1,private,"43.77134, 11.25928",2024-12-15
4830482,10,2010-05-21,Superhost,15,Centro Storico,4,2,Entire home,6,240,162,4.93,4.91,4.95,4.95,4.95,4.93,4.88,1.48,Firenze,Early Winter,2,private,"43.77198, 11.25431",2024-12-15
4316649,0,2014-10-11,Superhost,2,Centro Storico,1,1,Entire home,2,161,25,4.92,4.92,5,4.92,4.96,4.96,4.88,0.24,Firenze,Early Winter,1,private,"43.76777, 11.24428",2024-12-15
4831188,47,2013-11-01,Host,6,Centro Storico,3,2,Entire home,4,89,325,4.8,4.8,4.76,4.88,4.9,4.93,4.74,3,Firenze,Early Winter,1,private,"43.76426, 11.25828",2024-12-15
4317059,19,2014-06-15,Host,2,Centro Storico,5,3,Entire home,6,156,155,4.79,4.81,4.73,4.95,4.94,4.96,4.78,1.39,Firenze,Early Winter,2,private,"43.77595, 11.25917",2024-12-15
4836964,0,2013-02-03,Host,6,Rifredi,2,1,Private room,1,50,4,4.75,4.5,4,5,5,4,4.5,0.05,Firenze,Early Winter,1,private,"43.79299, 11.21592",2024-12-15
4319636,22,2013-08-09,Superhost,4,Centro Storico,4,2,Entire home,4,150,240,4.66,4.68,4.66,4.79,4.9,4.93,4.68,2.2,Firenze,Early Winter,1,private,"43.76512, 11.25479",2024-12-15
4838235,46,2013-11-01,Host,6,Centro Storico,5,3,Entire home,5,50,285,4.61,4.55,4.49,4.72,4.76,4.96,4.64,2.75,Firenze,Early Winter,1,private,"43.76416, 11.25762",2024-12-15
4865707,30,2014-12-07,Superhost,5,Centro Storico,2,1,Entire home,4,120,109,4.9,4.9,4.88,4.92,4.95,4.94,4.83,1.05,Firenze,Early Winter,1,private,"43.77203, 11.25695",2024-12-15
4342697,0,2014-10-09,Host,1,Isolotto Legnaia,2,1,Entire home,4,100,20,4.85,4.75,4.85,4.9,4.85,4.4,4.85,0.18,Firenze,Early Winter,2,private,"43.77131, 11.2149",2024-12-15
4899071,0,2013-07-24,Host,4,Gavinana Galluzzo,2,1,Entire home,4,108,2,5,5,5,5,5,4.5,5,0.02,Firenze,Early Winter,1,private,"43.75293, 11.23572",2024-12-15
4345116,96,2014-10-15,Superhost,2,Centro Storico,1,1,Entire home,2,93,503,4.83,4.9,4.91,4.94,4.92,4.97,4.79,4.8,Firenze,Early Winter,1,private,"43.77602, 11.25629",2024-12-15
4902469,0,2014-12-26,Host,2,Centro Storico,1,1,Entire home,3,213,73,4.56,4.81,4.73,4.66,4.71,4.79,4.53,0.7,Firenze,Early Winter,2,private,"43.77033, 11.27018",2024-12-15
4904426,9,2013-05-05,Superhost,8,Centro Storico,3,2,Entire home,4,82,94,4.83,4.89,4.85,4.93,4.94,4.81,4.77,0.89,Firenze,Early Winter,1,private,"43.77762, 11.25396",2024-12-15
4354114,9,2014-10-16,Superhost,1,Centro Storico,2,1,Entire home,3,150,52,4.85,4.88,4.9,4.96,4.98,4.96,4.76,0.49,Firenze,Early Winter,1,private,"43.76603898553991, 11.25119725827629",2024-12-15
4921610,0,2014-01-08,Host,2,Centro Storico,4,2,Entire home,5,189,88,4.74,4.85,4.83,4.87,4.91,4.84,4.82,0.83,Firenze,Early Winter,2,private,"43.77738, 11.25496",2024-12-15
4922294,1,2014-12-17,Host,2,Campo di Marte,2,1,Entire home,4,188,254,4.63,4.7,4.81,4.8,4.75,4.64,4.64,2.33,Firenze,Early Winter,1,private,"43.7698, 11.27638",2024-12-15
4362732,11,2014-08-21,Superhost,4,Isolotto Legnaia,2,1,Entire home,4,107,109,4.9,4.97,4.95,4.94,4.98,4.73,4.79,1.06,Firenze,Early Winter,1,private,"43.77338, 11.23186",2024-12-15
4370036,45,2014-10-13,Superhost,8,Centro Storico,1,1,Entire home,2,180,511,4.77,4.81,4.78,4.87,4.9,4.96,4.76,4.59,Firenze,Early Winter,1,private,"43.77331, 11.25594",2024-12-15
4927848,1,2014-12-30,Superhost,3,Centro Storico,3,2,Entire home,4,143,37,4.73,4.84,4.65,4.97,4.95,4.84,4.68,0.35,Firenze,Early Winter,2,private,"43.78142, 11.25726",2024-12-15
4929877,0,2014-06-22,Superhost,6,Centro Storico,2,1,Entire home,8,290,4,5,5,5,5,5,5,5,0.09,Firenze,Early Winter,2,private,"43.77605, 11.25618",2024-12-15
4945691,2,2012-03-24,Host,10,Centro Storico,1,1,Private room,1,50,14,4.57,4.71,4.43,4.69,4.62,4.85,4.38,0.15,Firenze,Early Winter,2,private,"43.77974, 11.25452",2024-12-15
4946149,1,2012-03-24,Host,10,Centro Storico,1,1,Private room,1,50,8,4.88,4.88,4.88,4.88,4.75,4.75,4.88,0.08,Firenze,Early Winter,2,private,"43.78079, 11.25549",2024-12-15
4946304,1,2012-03-24,Host,10,Centro Storico,1,1,Private room,1,50,3,4.33,4.67,4,4.67,4.67,5,4,0.04,Firenze,Early Winter,2,private,"43.77855, 11.25597",2024-12-15
4952333,0,2012-03-24,Host,10,Centro Storico,1,1,Private room,1,50,6,4.67,5,5,5,5,4.8,4.4,0.06,Firenze,Early Winter,2,private,"43.78058, 11.25469",2024-12-15
4952457,1,2012-03-24,Host,10,Centro Storico,1,1,Private room,1,50,12,4.92,5,4.75,4.91,4.92,4.82,4.73,0.11,Firenze,Early Winter,2,private,"43.78052, 11.25528",2024-12-15
4373358,3,2014-01-31,Host,3,Centro Storico,1,1,Entire home,2,80,124,4.53,4.65,4.55,4.79,4.77,4.97,4.61,1.52,Firenze,Early Winter,1,private,"43.77473, 11.25649",2024-12-15
4375536,8,2014-10-19,Superhost,1,Isolotto Legnaia,6,3,Entire home,8,93,510,4.9,4.92,4.94,4.98,4.99,4.69,4.87,4.59,Firenze,Early Winter,1,private,"43.77922, 11.213",2024-12-15
4953441,2,2013-10-03,Host,5,Isolotto Legnaia,2,1,Private room,3,57,62,4.84,4.94,4.64,4.97,4.97,4.84,4.82,0.6,Firenze,Early Winter,2,shared,"43.77298, 11.22204",2024-12-15
4961760,9,2015-01-04,Superhost,2,Centro Storico,1,1,Entire home,2,104,17,5,4.94,5,4.94,4.94,5,4.82,0.18,Firenze,Early Winter,1,private,"43.7642, 11.24754",2024-12-15
4962982,4,2015-01-04,Host,1,Centro Storico,2,1,Entire home,4,120,205,4.75,4.88,4.94,4.94,4.97,4.92,4.81,1.93,Firenze,Early Winter,1,private,"43.76985, 11.24981",2024-12-15
4964080,59,2014-11-26,Superhost,4,Centro Storico,1,1,Private room,1,50,328,4.6,4.7,4.79,4.77,4.8,4.63,4.58,3.02,Firenze,Early Winter,1,shared,"43.77958, 11.23947",2024-12-15
